,question,answer1,answer2,Generated
0,How we can effectively convert 2D images to 1D?,"Converting images to 1D data may not be effective because it removes the spatial information, which is crucial for CNNs to detect patterns and features in images.","To effectively convert 2D images to 1D, use techniques like flattening or reshaping the image array, which preserves relevant spatial information while transforming into linear format suitable for 1D processing.","To convert 2D images to 1D, we can use the convolutional neural network (CNN) or the CNN-supervised learning (SNN) techniques.                                                                                                                                                                      "
1,Can we utilize an autoencoder to perform dimensionality reduction on numerical datasets?,"Yes, autoencoders can be applied to numerical datasets for dimensionality reduction by learning a compressed input data representation. They can effectively capture nonlinear relationships and efficiently reduce the dimensionality.","Yes, autoencoders can be used for dimensionality reduction. By training the autoencoder, it learns a compressed representation of the input data, allowing for a lower-dimensional representation that retains important features.","Yes, an autoencoder can be used to perform dimensionality reduction on numerical datasets. It can be used to perform dimensionality reduction on numerical datasets by using convolutional and hyperparameter tuning techniques.                 "
2,What is NLP's current biggest challenge that is being tried to overcome ?,"The main challenges of NLP is finding and collecting enough high-quality data to train the models. Data is the fuel of NLP, without it models will not perform well or deliver accurate results.","NLP models struggle with tasks that require reasoning, common-sense understanding, capturing long-range dependencies, and handling biases and fairness.",NLP is a powerful and challenging
3,Which problems cannot be solved by Neural networks?,"While neural networks have shown great success in various domains, other machine learning algorithms still have their significance. Different algorithms may better suited for specific types of problems","Neural networks are powerful, but they may struggle with problems requiring causal reasoning, symbolic manipulation, small data, and explainable decision-making due to their complexity and black-box nature.","No, Neural networks are not suitable for solving problems by randomly generating new neurons. Instead, they are designed to solve problems by randomly generating new neurons.                              "
4,Is scaling necessary for SVM?,"Yes, scaling the input data is generally recommended when using Support Vector Machines (SVM). SVMs are sensitive to the scale of the features because they involve the calculation of distances between data points.","Scaling the input data is advisable when utilizing Support Vector Machines (SVM) due to their sensitivity to feature scale. Since SVMs rely on calculating distances between data points, inconsistent feature scales can adversely affect their performance.","Yes, scaling is necessary for SVM. It is not necessary for SVM to have a fixed number of nodes. It is possible to have multiple SVM nodes.                          "
5,"Adding layer to a machine learning model can lead to overfitting, correct?",Increasing the number of layers may lead to overfitting in case of low data size because it makes the neural network memorize the training set.,The architecture of the model depends on the data. By adding more layers for a data set with low volume can lead to overfitting.,"Adding layer to a machine learning model can lead<|startoftext|> to overfitting, correct?
Adding layer to a machine learning model can lead to overfitting, correct?
Adding layer to a machine learning model can lead to overfitting, correct?
Adding layer to a machine learning model can lead to overfitting, correct?"
6,is comparision of model predictions important?,Ensuring the model's right prediction in real world requires validation and testing on independent datasets. It's essential to evaluate the model's performance on unseen data and use appropriate evaluation metrics.,"Yes, comparing model outputs against ground truth or other models is essential for evaluating performance, identifying strengths and weaknesses, and selecting the best model for the task.",It is important to consider the impact of model selection on the model's performance. The choice of model selection depends on the specific problem and the specific problem.                             
7,What is the way to invert the association rules?,"Yes, by inverting association rules, we can identify exceptions or rare patterns that do not follow the usual relationships between items in the data.","To invert association rules, identify items with low support but high confidence, indicating rare patterns. Focus on transactions where the antecedent is present and consequent is absent.",Invert the association rules by applying the same rules to all the connections.                                             
8,What is the good number of filters we can have?,The number of output channels in a CNN layer corresponds to the number of filters or feature maps generated by that layer.,"The number of filters in a CNN layer depends on the complexity of the task, dataset size, and model architecture. It's typically chosen based on experimentation and computational constraints.",The number of filters we can have depends on the complexity of the problem.                                                                                                                                                                                         
9,How are Part-of-Speech (POS) tags learned in natural language processing?,"POS tags are learned using supervised or unsupervised learning approaches. Supervised methods involve training on labeled data, while unsupervised methods use statistical models to infer POS tags based on word contexts.","POS tags can be learned through supervised learning, where annotated training data is used to train models that associate words with their respective POS tags, or through unsupervised learning techniques like Hidden Markov Models (HMMs).",POS tags are learned by the speaker during the processing of speech. They are used to identify the speaker's voice and provide context for the speaker's voice.                             
10,"In the real world, which type of machine learning, supervised or unsupervised learning, has more applications?","Supervised learning has a wider range of applications in the real world, as it is commonly used for tasks such as classification, regression, recommendation systems, and natural language processing.","Although both supervised and unsupervised learning have their own applications, supervised learning tends to have a broader range of real-world applications due to its ability to learn from labeled data and make predictions or classifications based on that.","Machine learning is a subset of supervised or unsupervised learning, where the model learns from input data and assigns weights to the output. Unsupervised learning is a subset of supervised or unsupervised learning, where the model learns from input data and assigns weights to the output.    "
11,"I think Model does not depend upon data volume - could be no. of features, layers, params etc.","Yes, the model's complexity, represented by the number of layers, parameters, and features, impacts its performance and efficiency, but not the data volume.","Yes, the model's performance and efficiency depend on its architecture, which includes the number of layers, parameters, and features, not the volume of data used for training.",Model does not depend on data volume. It depends on the model's ability to handle complex data. Model can handle complex data in many different ways. Model can handle complex data in many different ways. Model can handle complex data in many different ways. Model can handle complex data in many different ways.
12,Dense function does the jobs of Convolution as well as Fully connected layer ?,"No, the Dense function in Keras is used to create fully connected layers in neural networks.","While convolutional layers and fully connected layers can be used together in a neural network, they serve different purposes and are implemented differently.","Yes, the dense function in Convolutional Neural Networks (CNNs) is used to solve the tasks of Convolutional Neural Networks (CNNs). It is used to update the weights of the input layer, update the weights of the output layer, and update the weights of the input layer."
13,When does GloVe doesn't work well?,"Yes, GloVe provides vectors for all the words in the corpus used to train the model.","GloVe may not perform as well on out-of-vocabulary words, or words that were not present in the training corpus.","It depends on the specific problem. GloVe does not always work well on all the problems. GloVe can be used for specific problems, but it is not recommended for all the problems. 
What is the purpose of GloVe? GloVe is a powerful tool for optimizing the performance of neural networks."
14,In which scenarios or contexts do we typically employ a tanh kernel?,"The tanh kernel is commonly used in scenarios involving non-linear classification or regression tasks, especially when working with support vector machines (SVMs).","The tanh kernel is often employed in machine learning scenarios when dealing with non-linear patterns and tasks, such as text classification or image recognition.","In the context of machine learning, tanh kernel is a popular choice for tasks like classification, regression, and visualization. It is used for tasks like image classification, text analysis, and image-based learning.                  "
15,"While training, do we start with random weights for every epoch? Or do we take them from the previous epoch?","In SGD, random sampling and shuffling of the dataset reduces the likelihood of selecting the same sample again in subsequent batches, promoting diversity in the data representation during training.","For every epoch, we typically start with the
weights from the previous epoch. The weights
are updated and refined through iterations
within each epoch to improve the model's performance.","Yes, we start with random weights for every epoch. Random weights are used for training, while training is done with a fixed number of epochs.                              "
16,what is compression used in autoencoders?,"Autoencoders are used for various applications, including image denoising, data compression, anomaly detection, feature extraction, and generative models like variational autoencoders (VAEs).","In autoencoders, compression refers to the process of reducing the dimensionality of data during the encoding phase, creating a compact representation while preserving essential information for decoding and reconstruction.","The compression algorithm used in autoencoders is called ""Gaussian kernel."" It is a convolutional neural network (CNN) that convolves a series of weights into a single output. It is used to update the weights in the convolutional layer.       "
17,Is it a thumb rule to take log(N) as the window size?,"No. The window size depends on the specific problem, data characteristics, and desired outcomes, and it should be determined based on empirical analysis and experimentation rather than a fixed rule.","No, it is not a thumb rule to take log(N)
as the window size. The choice of window
size depends on the specific problem,data
characteristics, and desired trade-off
between accuracy and computational efficiency.","Yes, the window size is the number of pixels in the input image.                                             "
18,How to check the seperability of n-dimensional data?,"Appling dimensionality reduction techniques such as PCA, TSNE on dataset transforms data into manageable dimensions. Then plot the data and check the seperability.","After applying dimensionality reduction techniques like PCA or t-SNE on the dataset, the transformed data is represented in a reduced and manageable number of dimensions. Subsequently, the data can be visualized through plotting to assess its separability.","To check the seperability of n-dimensional data, you can use the CNN algorithm.                                                                                                                                                                                     "
19,What should be the length of vector in Word2Vec model?,"yes, the number of word vectors in a Word2Vec model is typically equal to the number of unique words in the corpus.",The length is typically between 50 and 300. The exact value depends on the size of the corpus and the complexity of the language being modeled.,The length of vector in Word2Vec model is determined by the length of the input word.                                                                                                                                                                                    
20,How is y_pred used in evaluating the performance of a ML model?,"The y_pred (predicted output) is used in evaluating the performance of a machine learning model by comparing it with the actual target values (y_true). Metrics such as accuracy, precision, recall, F1 score, or loss functions are computed based on the predictions and ground truth to assess the model's performance.","The predicted output (y_pred) from a machine learning model is compared to the actual target values (y_true) in the evaluation process. Performance metrics such as accuracy, precision, recall, F1-score, or mean squared error are computed based on the comparison to assess the model's performance.",Y_pred is a feature extraction algorithm used to extract features from the input data. It is used to evaluate the performance of a model based on the predicted performance of the model.                        
21,Example of a non-parametric model?,"A non-parametric model is the k-nearest neighbors (KNN) algorithm, where the number of parameters doesn't depend on the data size. It memorizes the entire training set to make predictions, offering flexibility in capturing complex patterns.","An example of a non-parametric model is the k-nearest neighbors (KNN) algorithm. It doesn't have a fixed number of parameters and instead memorizes the training data to make predictions, making it more flexible for complex patterns","Yes, a non-parametric model is a model that can be used to model complex relationships, such as categorical data, where the relationship between two variables is not fixed.                        "
22,how 2x2 to 3x3 mapping is happening while sliding,"No, we cannot modify the 2x2 to 3x3 mapping while sliding. It is a fixed operation that is applied to each window as we slide it over the image.","When we slide the window over by one pixel over previous window, we create a new 2x2 window that overlaps with the previous window by one pixel.","The 2x2 to 3x3 mapping is done by sliding the axes of the 2x2 to 3x3 axes, while sliding the axes of the 3x3 to 4x4 axes.                   "
23,"what are the evalusation methods to determine, if the images have been sufficiently denoised?","Evaluation methods for determining if images have been sufficiently denoised include visual inspection, quantitative metrics like peak signal-to-noise ratio (PSNR) or structural similarity index (SSIM), and subjective assessments through user studies or expert opinions.","Evaluation methods for determining if images have been sufficiently denoised include visual inspection, quantitative metrics such as peak signal-to-noise ratio (PSNR) or structural similarity index (SSIM), and subjective assessment using human observers or user studies.","The evaluation methods used to determine the denoised image are: Image Descent, Image Stochastic Anomaly Detection, and Image Stochastic Anomaly Analysis.                          "
24,How Convolution network works?,A convolutional neural network (CNN) works by applying a series of convolution operations to the input data. Convolution is a mathematical operation that takes two matrices as input and produces a third as output.,A CNN works by passing the input data through the layers in a feed-forward manner. The output of the final layer is the prediction or classification of the input data.,The convolutional neural network (CNN) is a type of neural network that learns to adapt to different input and output conditions. It learns to adapt to different input and output conditions based on the input and output characteristics. It learns to adjust its weights based on the input and output characteristics.  
25,"What are the various data that can be used for machine learning applications, besides images?","Besides images, various types of data can be used for machine learning applications, such as text data, numerical data, time series data, audio data, video data, sensor data, and graph data, among others.","Besides images, machine learning applications can utilize various types of data, including text documents, numerical data, time series data, audio signals, video data, sensor data, geospatial data, and structured or unstructured data in general.","Data like image, text, or audio can be used for machine learning applications. Data like text, audio, or video can be used for machine learning applications. Data like image, text, or audio can be used for machine learning applications.            "
26,Can we create clusters using decision trees instead of k-means clustering?,Decision trees can be extended to clustering problems with an adjustment like a new split criterion that does not require the labels for the tree construction is therefore needed.,"In traditional decision tree algorithms, the split criterion is based on the labels. However in clustering, a new split criterion is needed that relies solely on the input features to partition the data into clusters.","Yes, we can create clusters using decision trees, but they are not as efficient as k-means clustering.                                    "
27,Which are the other kind of problems for which deep learning is used?,"Deep learning is used for various problem domains, including computer vision tasks like image classification, object detection, and image segmentation.",Deep learning is used to identify and work with problems related to regression & NLP.,Deep learning is a subset of machine learning that focuses on extracting patterns from data and applying them to complex problems.                                      
28,what are the aspects that help select a ML Model?,"Aspects that help select a machine learning model include the nature of the problem (classification, regression, etc.), available data, complexity requirements, interpretability, computational resources, and evaluation metrics.","Aspects to consider when selecting a machine learning model include the problem type (classification, regression, etc.), data availability and size, model complexity, interpretability, computational requirements, and performance metrics.","The features that help select a ML Model include the ability to model complex relationships, the ability to model complex data structures, and the ability to model complex models with complex data structures.                                                                                                                                                                    "
29,What is a neuron in neural netwprks in machine learning?,"In machine learning, a neuron in a neural network is a computational unit that takes weighted inputs, applies an activation function, and produces an output, contributing to information processing and decision-making in the network.","A neuron in a neural network is a mathematical function that receives input, applies weights and biases, and applies an activation function to produce an output. Neurons collectively perform computations and enable learning in the network.","A neuron in neural network is a subset of the input layer of the network, which is connected to the output layer by a single neuron.                                "
30,What are the other applications of unsupervised learning than clustering?,"Other applications of unsupervised learning are text generation, object recognition, anomaly detection, recommendation engines etc.","Unsupervised learning is commonly used in other applications like text generation, object recognition, anomaly detection, recommendation engines etc.",Unsupervised learning is a popular approach to clustering that focuses on the clustering of data points by randomly assigning randomly selected clusters to a specific cluster. It is often used for tasks like clustering or clustering of data points by randomly assigning randomly selected clusters to a specific cluster.   
31,What is the difference between NLP and speech processing?,"NLP, which stands for natural language processing deals with human text. On the other hand, speech processing deals with speech.","The difference is in their modalities. NLP deals with text, while speech processing deals with audio.","NLP is a type of speech processing that involves capturing and processing speech sounds and audio signals. It involves capturing and processing speech sounds and audio signals, while speech processing involves capturing and processing speech sounds and audio signals.                 "
32,What are the various initialization methods in a neural network?,"Various neural network initialization methods include random initialization, Xavier/Glorot initialization, He initialization, and orthogonal initialization, which set initial weights for effective learning.","Various initialization methods in a neural network include random initialization, Xavier/Glorot initialization, He initialization, and uniform, normal, or truncated normal distributions to set initial weights and biases, affecting training performance.","In a neural network, the initialization method is the initialization function that takes the input data and returns the output data.                                                                                                                                                                                 "
33,What are the steps of town down approach in hierarchical clustering?,"The best criteria for splitting clusters is often based on maximizing the inter-cluster dissimilarity or minimizing the intra-cluster similarity, such as using measures like distance, linkage criteria or variance reduction.",The criteria for top down approach is to check sum of squared errors of each cluster and choose largest SSE value as one cluster and the rest as another cluster.,"The steps of town down approach in hierarchical clustering are to select a suitable cluster size, identify the nearest neighbor, and then use the clustering algorithm to select the nearest neighbor.                           "
34,Is it possible to combine speech and video data to enhance the understanding of emotional intelligence?,"Yes, combining speech and video data can provide richer cues for analyzing emotional intelligence, leveraging both vocal and visual expressions.",Integrating speech and video data can improve the comprehension of emotional intelligence by capturing both verbal and non-verbal emotional cues.,"Yes, combining speech and video data can enhance the understanding of emotional intelligence by enabling the speaker to communicate more effectively and provide emotional insights.                                 "
35,Is it a good idea to initialize the weights in any neural network as per Gaussian random distribution?,"Gaussian random distribution has a zero mean and a unit variance, which helps to prevent the network from becoming too biased or too unstable. Hence good for initialization of weights in any neural network.","Using Gaussian random distribution for weight initialization may work well for networks that have simple architectures, linear or symmetric activation functions, and robust optimization algorithms.","Yes, it is advisable to initialize the weights in any neural network as per Gaussian random distribution.                                        "
36,What is the reason for making the sample again 100% by adding the replication?,"To increase the statistical power, generalizability or reduce the variance of study results, the sample might be made 100% again by adding replication.",Adding replication to a sample can be a good way to improve the quality of a study.,The replication process is designed to ensure that the data is not lost during the initial step of the process.                                       
37,"Can association rules be inverted to identify exceptions, such as items that are not commonly associated with each other?","Yes, association rules can be inverted to identify exceptions or dissociations.","Yes, association rules can be used to identify exceptions, such as items that are not commonly associated with each other. Association rule mining is a technique used to discover relationships between items in large datasets.","In association rules, the association rules are not always inverted, but they can be adjusted to identify exceptions.                                       "
38,Is stride always choosen as 1 or can it be any number?,"Stride is not always 1, although 1 is a common choice for many convolutional neural networks. It can be set to any positive integer value, depending on the desired output size and the optimization algorithm.","No, stride is not always 1. It can be any integer value. The stride is typically chosen based on the specific application and the trade-off between accuracy and computational complexity.","Yes, the choice of stride is always a function of the number of inputs.                                                                                                                                                                                        "
39,How can ImageNet be used to build a custom machine learning model?,The ImageNet dataset is used to build custom models by using the pre-trained weights of a pre-trained model. The weights of the pre-trained model are frozen and then new layers are added to the model.,ImageNet is a large dataset of images that is used to train and evaluate image classification models. The dataset can be used to fine-tune a custom image classification model.,"ImageNet is a powerful machine learning framework that can be used to build custom machine learning models. It can be used to build custom machine learning models based on data from various datasets, such as CNNs, RNNs, or machine learning models. It can also be used to build custom machine learning models based on data from other datasets."
40,"In the Sequential API, which method is used to specify the optimizer?",compile() method is used to pass the optimizer in sequential api.,"In the Sequential API of Keras, the optimizer is specified using the compile method of the model. The compile method takes several arguments, including the optimizer, loss function, and metrics",The optimizer is a function that takes a Random number and returns a Random number.                                                                                                                                                                                       
41,what is CART (Classification and Regression Trees) algorithm?,"The CART (Classification and Regression Trees) algorithm is a decision tree-based machine learning algorithm used for both classification and regression tasks, splitting data based on feature conditions to create a tree-like structure for predictions.",The CART (Classification and Regression Trees) algorithm is a decision tree-based machine learning algorithm that recursively splits data based on feature values to perform classification and regression tasks.,"CART is a classification and regression algorithm used to classify and model data. It is used to classify and model data based on the characteristics of the data, such as the distribution of variance, the clustering of data, and the ability to capture patterns and patterns of variation. It is used for classification and regression tasks"
42,What are the possibilities of number of neurons in the output layer?,"The number of neurons in the output layer depends on the specific problem. It can be one for binary classification, equal to the number of classes for multi-class classification, or variable for other tasks such as regression or multi-label classification.","The number of neurons in the output layer depends on the problem type: 1 neuron for binary classification, N neurons for N-class classification, 1 neuron for regression, and M neurons for M-label classification.",Number of neurons in the output layer can be determined by the number of neurons in the input layer.                                        
43,"How can we incorporate the influence of
additional features,apart from the
observation itself?","To factor in the impact of other features,
use a multi-variate model like VAR(Vector
Autoregression) or LSTM with additional
input features to capture their influence
on the time series predictions.","To incorporate the impact of other
features,use multivariate models like
LSTM with multiple input nodes,considering
the target variable and relevant features
during training to enhance forecasting accuracy.","Adding additional features can help to
improve the model's performance, but it can also
influ"
44,Can we apply Autoencoders on numerical datasets for dimentionality reduction?,"Yes, autoencoders can be used on numerical datasets for dimensionality reduction. They learn to compress the input data into a lower-dimensional representation, and then reconstruct the original data from the compressed representation.","When applied to numerical datasets, autoencoders can be used to reduce the number of features in the data while preserving as much information as possible.","Yes, we can apply Autoencoders on numerical datasets for dimentionality reduction.                                          "
45,How we can apply CNN to text and pictures?,"To apply CNNs to dynamic data like audio, we can use techniques like sliding windows or spectrogram representations to convert the dynamic data into fixed-size inputs suitable for CNNs.","For text, CNNs can use 1D convolutions over word embeddings to capture local patterns. For images, CNNs use 2D convolutions to detect features and patterns in image pixels","CNN is a powerful and flexible tool for text and picture recognition. It can be used for text and picture recognition tasks, but it can also be used for image recognition tasks.                         "
46,Are they not mutually exclusive?,"When both approach 1, it means model is able to correctly identify all of the positive cases in the dataset without incorrectly classifying any of the negative cases as positive.","that false positive and true positive are not mutually exclusive. When a model makes a prediction, it can be either a true positive or a false positive.","Yes, they are mutually exclusive.                                                                                                                                                                                                 "
47,"What is the significance of the term ""Natural language""? Does this imply the existence of unnatural languages as well?","The term ""natural language"" refers to languages used by humans for communication. While ""unnatural languages"" may exist, it typically refers to artificially constructed languages or specialized jargon.","Meaning of natural language lies in the development and understanding of machine learning models that can process, generate, and comprehend human language. the term ""unnatural language"" is not commonly used.",Natural language is a natural language that is learned through experimentation and experimentation. It is not a standard or universal language. It is a subset of human language that is learned through experimentation and experimentation.                      
48,Is it possible to associate specific kernel functions with particular problem statements or domains in machine learning?,"Yes,certain kernel functions may be more suitable for specific problem statements based on the characteristics of the data, such as linear kernels for linearly separable problems or radial basis function (RBF) kernels for non-linear patterns.","Absolutely,the choice of kernel functions can be domain-specific or problem-dependent. For instance, the polynomial kernel may be effective for image classification tasks, while the Gaussian kernel can be advantageous for sentiment analysis or text classification.","Yes, it is possible to associate specific kernel functions with specific problem statement or domain in machine learning.                                        "
49,When is backpropagation typically performed in a neural network training process?,"Backpropagation is performed during the training phase of a neural network after the forward pass, where the gradients are computed and used to update the weights and biases.",Backpropagation is typically executed after each forward pass in the training process of a neural network to calculate the gradients of the loss function with respect to the network's parameters.,"Backpropagation is typically performed in a neural network training process, where the network learns to update its weights based on the input data.                                "
50,Is convoluton a dimensionality reduction technique?,Convolutional operations in CNNs primarily used for feature extraction rather than dimensionality reduction.,"In convolutional neural networks, convolution is used to extract features from the input data. The filters in a CNN are trained to detect specific patterns in the data, such as edges, corners, or textures.",Convolutional layers are not always the same. They can be different in different layers.                                         
51,Are there any databases similar to ImageNet that contain X-Ray images for classifying human diseases?,"Yes, there are databases available that resemble ImageNet but contain X-Ray images specifically curated for the classification of various human diseases.","Several databases exist that provide X-Ray images similar to ImageNet, specifically designed for the classification of human diseases using machine learning techniques.","Yes, there are several databases that contain X-ray images for classifying human diseases. These databases include: X-ray ImageNet, X-ray ImageNet, X-ray ImageNet, X-ray ImageNet, X-ray ImageNet, X-ray ImageNet, X-ray ImageNet, X-ray ImageNet"
52,"At the beginning of each epoch, do we initialize the weights randomly, or do we use the weights from the previous epoch?",The weights are typically either initialized randomly or carried over from the weights obtained in the previous epochs,"No, we do not start with taking random weights for every epoch. The idea is to continue improving the model by updating the weights based on the gradients calculated from the previous epoch.","The weights from the previous epoch are initialized randomly, and they are initialized randomly for each epoch.                                         "
53,what's the main objective of this consonant classification in speeech recognition?,The main objective of consonant classification in speech recognition is to accurately identify and categorize consonant sounds to improve overall speech understanding and transcription accuracy.,"Consonant classification involves the process of categorizing different consonant sounds. This is crucial for training and fine-tuning ASR models, allowing them to accurately transcribe and understand spoken words.","Speech recognition is a fundamental part of the human language. It is a fundamental part of the human language, and it is used to classify and interpret speech.                            "
54,Can the number of clusters change during the iteration of a clustering algorithm?,"Yes, the number of clusters can change during the iteration of a clustering algorithm, particularly in dynamic or hierarchical clustering methods that adaptively merge or split clusters based on certain criteria.","Yes, in certain clustering algorithms like hierarchical or density-based methods, the number of clusters can change dynamically during the iteration as clusters merge or split based on defined criteria.","Yes, the number of clusters can change during the iteration of a clustering algorithm.                                            "
55,Do search engines also use web scraping?,"Yes, search engines also use web scraping to collect and index data from the web.","Yes, Search engines use web scraping to crawl the web and discover new or updated pages.","Yes, search engines use web scraping to scrape web pages for web scraping. Web scraping is an automated process that involves scraping web pages for web scraping. Web scraping is not a specific process, but it is a common tool used for web scraping.           "
56,Is it generally recommended to initialize the weights (W's) in a neural network using a Gaussian random distribution during the random initialization process?,"Yes, it is commonly advised to initialize the weights (W's) in a neural network using a Gaussian random distribution for better performance and convergence during training.","Yes, initializing the weights (W's) in a neural network with a Gaussian random distribution is a widely used and effective approach for better training performance.",It is generally recommended to initialize the weights (W's) in a neural network using a Gaussian random distribution during the random initialization process.                                
57,How is padding useful in image processing?,Padding allows for more space to the filter to cover the image.,It is useful to reduce the loss of information at the borders of the image while processing through filters.,"Padding helps to reduce the size of the image, reducing the number of pixels in the image.                                                                                                                                                                                    "
58,What is the difference between Natural Language Processing and speech processing?,"NLP, which stands for natural language processing deals with human text. On the other hand, speech processing deals with speech.","The difference is in their modalities. NLP deals with text, while speech processing deals with audio.","Natural language processing is a type of speech recognition that involves capturing and processing speech sounds and audio signals. It involves processing complex patterns and sentences, while speech processing involves capturing and processing speech sounds and audio signals.                   "
59,"How can we ensure that models consider external factors, such as the COVID-19 pandemic, which caused sales to decline and no sales during lockdowns?","To ensure model learns external impacts like COVID's effect on sales, include relevant data from that period during training. Incorporate features representing lockdowns or other related information to help the model adapt to such changes.","To ensure that models consider such external factors, it is important to incorporate relevant data and information into the model.","To ensure that models consider external factors, we can ensure that models consider the impact of trade-offs, such as the impact of price changes, the impact of uncertainty, and the impact of market conditions.                   "
60,What are different activation functions in a NN?,"Different activation functions used in neural networks include Sigmoid, ReLU (Rectified Linear Unit), Leaky ReLU, Tanh (Hyperbolic tangent), Softmax, and Linear activation functions.","Different activation functions used in neural networks include Sigmoid, ReLU, Leaky ReLU, Tanh, Softmax, and Linear. Each has specific properties and is suitable for different scenarios based on non-linearity, range, and differentiability requirements.",Activation functions in NNs are typically used to update the weights of the input data.  Activation functions in NNs are typically used to update the weights of the output data.  Activation functions in NNs are typically used to update the weights of the input data.    
61,"Is convolution primarily used to reduce
dimensionality in neural networks?","Convolutional operations in CNNs are primarily
used for feature extraction,capturing spatial
relationships. Pooling operations are typically
employed to reduce dimensionality by
down-sampling feature maps.","Not, but to extract spatial features. Dimensionality reduction is often achieved through other techniques like pooling or fully connected layers.","Yes, convolution is used to reduce dimensionality in neural networks. It is used to
improve the model's performance by
increasing the number of features, reducing the
dimensionality, and improving the model's performance
by increasing the number of features.        "
62,"During the preprocessing of data, how can anomalies be identified?","Anomalies can be detected by applying statistical techniques such as z-score, interquartile range, or Gaussian distribution-based methods to identify data points that deviate significantly from the norm.","Anomalies can be determined through various methods such as outlier detection algorithms, density-based clustering, or machine learning approaches specifically designed for anomaly detection, like isolation forests or one-class SVMs.","During the preprocessing of data, how can anomalies be identified?                                                                                                                                                                                           "
63,How important is data mining in the context of machine learning and artificial intelligence?,"Data mining is crucial in ML and AI. While data mining prepares data, ML automates predictions without any human intervention, enables AI systems to make decisions autonomously.",The AI systems use the data mining technique in mined data to create solutions. Data mining is a part of programming codes with information and data necessary for AI systems.,"Data mining is a crucial tool in machine learning and artificial intelligence. It helps to understand the patterns and patterns of data and helps to identify patterns and patterns that can be used for machine learning tasks. Data mining can also be used for machine learning tasks such as classification, data mining, and machine learning algorithms."
64,What is the reason behind choosing max pooling instead of average pooling?,"Max Pooling is chosen over Average Pooling in CNNs for tasks like image recognition because it retains the most activated features, providing better spatial and preserving critical patterns for accurate classification.","Max pooling is more suitable when you want to extract only the most prominent features of the data, while average pooling is more suitable when you want to preserve more information and reduce noise.",Max pooling is a more efficient way to pool data than average pooling. It allows for better prediction and better model performance. It also allows for better model performance.                          
65,does the 1st dense includes 1 hidden layer alongwith input layer or just input layer?,"The first dense layer includes both the input layer and the hidden layer. It connects all input features to neurons in the hidden layer, performing the initial transformation of data in the neural network.","The first dense layer combines the input layer and the hidden layer. It connects all input features to the hidden neurons, representing the initial transformation step in the neural network.",The 1st dense includes 1 hidden layer along with input layer or just input layer.                                           
66,Compare Gassian random distribution against other methods of intialization?,"Gaussian random distribution initializes weights with random values following a normal distribution. It's widely used but requires careful tuning, while Xavier/He are better suited for deeper networks.","Gaussian random distribution initializes weights randomly from a normal distribution. Compared to other methods, like Xavier and He, it can lead to slower convergence and might be more prone to vanishing or exploding gradients in deep networks.",Gassings are not always accurate. They can be skewed due to the nature of the data.                                        
67,does this data thumb rule apply for both classification & regression problems?,"the amount of data needed to train an accurate model depends on a variety of factors, including the complexity of the model and the dimensionality of input data.","In k-folds the data is splitted into the k equal sized folds and model is tested k times, this helps in getting more accurate data.","Yes, the data thumb rule applies for both classification & regression problems. It applies to both classification & regression problems. It applies to both regression and non-linearity. It applies to both linear and non-linearity. It applies to both linear and non-linearity. It applies to both non-linear and non-linearity"
68,How does the mapping from a 2x2 input to a 3x3 output occur during sliding in convolutional operations?,2x2 input maps to a 3x3 output via sliding convolution using filters.,"During sliding in convolution, a 2x2 input window is mapped to a 3x3 output by element-wise multiplication with the convolutional kernel, and then the results are summed to form the output.",The mapping between a 2x2 input and a 3x3 output is done by sliding the input layer into the 3x3 output layer. The sliding layer is then applied to the 3x3 output layer. The sliding layer is then applied to the 3x3 output layer. The resulting 3x3 output layer is then used to update the weights of the convolutional layer.
69,Can it be controlled by human?,The number of features selected in each tree is a hyperparameter in Random Forest.,"It can be controlled through settings such as ""max_features"" or ""max_samples"" during training.","Yes, it can be controlled by human. It can be controlled by various tools like machine learning, machine learning algorithms, or by using AI. It can be controlled by various tools like machine learning, machine learning algorithms, or by using AI.           "
70,Give one example where y_pred is used?,"When evaluating the performance of a model, the `y_pred` variable is compared to the actual output to calculate various metrics such as accuracy, precision, recall, and F1 score.","in the case of a binary classification problem, the `y_pred` variable would contain a set of predicted binary labels (0 or 1)","Yes, y_pred is used in the context of regression. It is used to predict the slope of the regression line. It is used to calculate the slope of the slope of the predicted value.                    "
71,Does dataset need to have same number of samples in each class for model training?,"Dataset doesn't need approx same number of samples in each class, skewed classes llike IMAGENET also be used for training.","Necessarily it depends on the specific problem, skewed dataset like IMAGENET can give more realistic results as model learns to handle the natural imbalance in real world data.","Yes, dataset size can be determined by the number of samples in each class.                                            "
72,How to ensure models consider external impacts like COVID-related sales decline during lockdowns?,"One approach is to include relevant external factors, such as lockdown periods as additional features in the training data, enabling the model to learn their influence on the target variable.","we can use time series analysis techniques that explicitly capture temporal dependencies and seasonality, allowing the model to adapt and learn from the historical patterns and fluctuations caused by external factors.","To ensure models consider external impacts like COVID-related sales decline during lockdowns, ensure models consider the impact of the trade-off between price stability and price stability during the trade-off between price stability and price stability.               "
73,What are the applications of Autoencoder and PCA?,"Autoencoders are used for data compression, denoising, and anomaly detection, while PCA is employed for dimensionality reduction and feature extraction in data analysis.","Autoencoders are used in dimensionality reduction, feature learning, and image denoising. PCA is applied in dimensionality reduction, data compression, and noise reduction for feature extraction.","Autoencoders and PCA are two of the most popular and widely used algorithms for supervised learning. Autoencoders are used for supervised learning in machine learning, while PCA is used for supervised learning in machine learning.              "
74,How to leverage pretrained models for any specific machine learning task?,A wide range of pre-trained models are publicly available. These model allows us to leverage existing knowledge thereby models can improve performance on new tasks and save time.,"By leveraging pretrained models, you can benefit from their learned features and knowledge, reducing the need for extensive training from scratch and speeding up the development of machine learning models for specific tasks.","To leverage pretrained models for any specific machine learning task, you can use pretrained models for tasks like text classification, text-based image recognition, and speech recognition.                          "
75,"Whether the ""images"" in later layers of a CNN are actually images or just interpreted as images due to RGB logic?","In later layers of a CNN, the activations represent abstracted and transformed visual features rather than literal images. which may not resemble the original input images.","The ""images"" in later layers of a CNN are representations of extracted features rather than actual images.","The ""images"" in later layers of a CNN are not images, but rather represent the output of the neural network. The ""images"" in later layers are not representations of the input data, but rather represent the output of the neural network.           "
76,Is deep learning only used for classification problems?,"No, deep learning is not only used for classification problems. It can be used for other tasks such as classification, regression, and generation","Deep learning and CNN can also be used for other problems such as classification and generation. For example, predicting share prices.","Yes, deep learning is used for classification problems. It is used for tasks like image classification, text classification, and text extraction. It is used for tasks like image classification, text extraction, and text extraction.                  "
77,Is there any sub-branch of Speech recognition deals with converting brain electrical signals to speech ?,"Yes, there is a sub-branch of speech recognition that deals with converting brain electrical signals to speech. It is called brain-computer interface (BCI).","Yes, there is a sub-branch of speech recognition that deals with converting brain electrical signals to speech.","Yes, there is a sub-branch of Speech recognition called Speech Processing that deals with converting brain electrical signals to speech. It deals with converting brain electrical signals to speech. It is called Speech Processing.                   "
78,"When or where do Validating constraints or rules such as height-weight ratios, volume-density relationships, or any other domain-specific constraints in a neural network takes place?","Validating constraints or rules in a neural network occurs during the model evaluation phase, where the network's predictions are checked against domain-specific guidelines or limitations.",Validating constraints or rules specific to a domain takes place during the model evaluation or inference phase in a neural network. This ensures the model's outputs adhere to the domain-specific requirements and conform to real-world constraints.,"The validation of constraints or rules in a neural network involves iteratively updating the weights, updating the weights, and updating the weights in batches. The weights are updated periodically to ensure that the model is performing as expected.                 "
79,Is it possible for a model to fail in properly grouping certain data points? What steps should be taken in such a scenario?,"Yes, models can struggle to group certain data points. In such cases, refining the model architecture, feature selection, or collecting additional data may help improve the grouping accuracy.","It is possible for models to encounter difficulties in accurately grouping specific data points. Potential solutions include fine-tuning the model, incorporating ensemble methods, or addressing data quality issues through preprocessing techniques.","In a fully connected network, the model learns to categorize data points based on their proximity to each other, and then assigns labels to each labeled point.                                                                                                                                                                         "
80,How does the mapping from a 2x2 to a 3x3 size occur during the sliding process?,"When sliding a 2x2 filter over an image, a 3x3 region is created by extending the filter's size with zero padding on the right and bottom sides.",Zero padding is added on the sides for extending the filter from 2x2 to 3x3.,The mapping between a 2x2 and a 3x3 size is done by sliding the axis of the axis of the input vector
81,What is the difference between NLP and speech processing?,"NLP, which stands for natural language processing deals with human text. On the other hand, speech processing deals with speech.","The difference is in their modalities. NLP deals with text, while speech processing deals with audio.","NLP is a type of speech processing that involves capturing and processing speech sounds and audio signals. It involves capturing and processing speech sounds and audio signals, while speech processing involves capturing and processing speech sounds and audio signals.                 "
82,Is data normalization/scaling applicable in the context of speech recognition?,"Yes, data normalization/scaling is applicable in speech recognition to ensure consistent ranges and improve the performance of machine learning algorithms.","Data normalization/scaling is commonly used in speech recognition to bring features to a similar scale, aiding in accurate modeling and enhancing algorithm performance.","Data normalization/scaling is applicable in the context of speech recognition, where the data is extracted from the speech data and analyzed for patterns and features. It is not applicable in the context of speech recognition.                  "
83,"In CNNs, how can we visualize layers and filters? Do we interpret the weights as RGB pixel values, and how do we handle values beyond the 0-255 range? Maintain the context in the rephrased question.","In CNNs, visualizing layers and filters involves mapping weights to pixel values. Normalization techniques like scaling or clipping ensure valid visualization range.",Visualizing CNN layers and filters maps weights to pixels. Scaling or clipping normalizes values to ensure a valid visualization range.,"In CNNs, the weights are represented as RGB pixels, and the filters are represented as RGB filters.                                       "
84,How we can load bin file?,"It does not automatically load binary files, as binary files are not in JSON format.","For loading binary files, we can read the file directly using a file I/O library or converting the binary data to a format that can be represented in JSON.","To load bin file, we can use the -f option. This option can be used to load bin file from a file or to load bin file from a file.  "
85,What are the reasons for using max pooling instead of average pooling? Provide insights into the context of choosing max pooling.,"Max pooling preserves dominant features, aiding in detecting significant patterns. Avg pooling might dilute important information, affecting performance.","Max pooling emphasizes prominent features, enhancing pattern detection. Avg pooling may blur important details, impacting performance negatively.",Max pooling is a technique used to pool data from a large pool. It is used to minimize the variance in the data by adjusting the weights of the pooling pool. It is also used to minimize the variance in the model's performance.           
86,What is the purpose of using a limit or max limit in a given context?,"In mathematics, a limit determines the behavior of a function as the input approaches a particular value or infinity, providing insight into its convergence or divergence.","Setting a maximum limit establishes an upper bound or restriction on a variable, quantity, or process, preventing it from exceeding a specified value or threshold.",The purpose of a limit or max limit is to limit the number of entries in a given context. It is used to limit the number of entries in a given context by reducing the number of entries in the previous context.                
87,Is clustering a suitable technique for determining the optimal placement of Content Delivery Networks (CDNs) in cloud infrastructure?,"Clustering can be employed to identify suitable locations for placing CDNs in cloud infrastructure, considering factors like network proximity and demand distribution.","Yes, clustering can be utilized to determine optimal CDN placement in the cloud by considering factors such as network latency, traffic patterns, and geographical distribution of users.",Clustering is a technique for determining the optimal placement of Content Delivery Networks (CDNs) in cloud infrastructure.                                     
88,Mention few methods used for cutting neural networks?,"Some methods used for cutting neural networks include pruning (removing unnecessary connections/weights), quantization (reducing precision of weights), and knowledge distillation (transferring knowledge from a larger network to smaller one).",Distillation is another method to cut the neural networks.,"The simplest approach is to use a single layer of CNN, which is a subset of the CNN.                                                                                                                                                                                    "
89,Does Unsupervised Learning solely apply to 'grouping' or 'clustering'? Are there other applications for unsupervised learning?,"No, unsupervised learning encompasses more than just grouping or clustering. It also includes dimensionality reduction, anomaly detection, and generative modeling, among other applications.","Unsupervised learning extends beyond grouping or clustering tasks. It is also utilized for tasks like pattern discovery, feature extraction, data visualization, and anomaly detection in various domains.","Unsupervised learning is a subset of supervised learning that focuses on specific tasks, such as classification, regression, or visualization. It is not limited to specific tasks, but can be applied to other domains.                   "
90,How do discrimination and reliability differ from each other?,"Discrimination refers to the ability of a measurement or test to differentiate between distinct groups or categories, while reliability pertains to the consistency and stability of the measurement or test results over repeated administrations.","Discrimination relates to the extent to which a measurement can effectively distinguish between different groups or levels, whereas reliability focuses on the consistency and precision of the measurement or test results under varying conditions.","Discrimination and reliability are differentiating factors in machine learning. Discrimination is a subjective judgment based on the subjective characteristics of the data, while reliability is a subjective judgment based on the reliability of the model's predictions.                  "
91,Which holds more signficance: classification or regression?,There is no holy grail between classification and regression. Both have distinct purposes. Their significance depends on the problem and data type.,Both are machine learning techniques which are applied based on problem statement in hand.,Classification or regression is a popular choice for both classification and regression tasks. It is commonly used for both classification and regression tasks. It is not recommended for both.                           
92,Is it recommended to use MATLAB for speech processing?,"Yes, Matlab can be used for speech processing and it has a collection of algorithms that can offer immediate visual feedback. But Python has tons of libraries and packages to solve any contemporarry problems.","MATLAB is a recommended option for speech processing due to its versatility and ease of use. Python with libraries such as NumPy, SciPy, and librosa are also popular choices for speech processing tasks.","MATLAB is an open-source, fully-featured, and widely used language processing and analysis tool for speech recognition and machine learning. It is widely used for speech recognition and machine learning tasks.                    "
93,Is it always feasible to transform data to a linearly separable form by increasing the dimensionality by one?,"No, increasing the dimensionality by one does not guarantee that the data can always be linearly separable. Some datasets may require a higher-dimensional space or nonlinear transformations to achieve linear separability.","Not necessarily, increasing the dimensionality by one does not always lead to linear separability. In certain cases, more complex transformations or higher-dimensional spaces may be required to achieve linear separability in the data.","Yes, it is always possible to increase the dimensionality by increasing the dimensionality by one.                                         "
94,How does window size parameter affect the context of a given word in NLP?,"A larger window size captures more topical or semantic similarity, while a smaller window size captures more syntactic or functional similarity.","A greater window size encompasses greater topical or semantic similarity, whereas a smaller window size encompasses more syntactic or functional similarity.",The window size parameter affects the context of a given word in NLP. It affects the context of the word in the context of the word in the context of the word in the context of the word in the context of the word in the context of the word in the context of the word in the context of the word in the context of the word in the context of the word in the context of the word in the context of the word in the context of the word in the context of the word in the context of the word in the context of the word
95,"Is it necessary to comprehend the features
extracted by CNN or can we simply feed
them into Random Forest and let the
machine handle the task?
Why is backpropagation not applicable to
Random Forest, and what are the reasons behind it?","Understanding CNN features aids
interpretability and model improvement.
Feeding features to Random Forest is
valid,but interpretability may be
limited.Backpropagation is specific
to neural networks.Random Forest is
not based on gradients,making
backpropagation infeasible.","Understanding CNN features aids model
interpretation,debugging and performance
improvement.Feeding features into RF
works,but comprehension enhances fine
tuning and better decision-making.
Backpropagation relies on gradients,
specific to neural networks.","Backpropagation is not applicable to
CNNs, as they are not fully connected to the
network.                                     "
96,"How do any constraint/rules like height weight ,or volume density,fit etc can be validated in neural networks, at which layer?","Constraints and rules like height, weight, volume, density, and fit can be validated in neural networks using a variety of methods like weight regularization, dropout and custom layers.","There are different ways to validate constraints or rules in neural networks, depending on the type of constraint and the type of network.","Constraints like height weight, volume density, or weight loss can be validated in neural networks, at which layer.                                    "
97,Can self-supervised learning be the apt approach for fraud detection where count of true positives is very low in reality?,Self-supervised learning can learn to identify patterns in the data that are not easily identifiable by traditional supervised learning methods. Hence can be an apt approach for use case like fraud detection.,"Yes, self-supervised learning can be a good approach for fraud detection use cases where the number of true positives is very low in real life.",Self-supervised learning can be used for fraud detection where the number of true positives is very low in reality. Self-supervised learning can be used for fraud detection where the number of true positives is very high in reality.              
98,"In simple terms, how is feedback different from backpropagation in the context of neural networks?","Feedback in neural networks refers to the flow of information from higher to lower layers, whereas Backpropagation Algorithm for weight updates based on error signal","While feedback is a general concept of information flow, backpropagation is a specific technique used to optimize the network's performance by adjusting its weights.",Feedback is a fundamental component of neural networks that helps to update the model's state during training and optimization. It helps to update the model's state during training and optimization. Feedback is a feature extraction algorithm used to update the model's state during training and optimization. It helps to update the model's state during training and optimization
99,Is it appropriate to interpret the weights as RGB pixel values? What occurs when certain numbers exceed the 0-255 range?,"To visualize layers & filters in a NN, we use techniques like activation visualization, or deconvolutional networks. We don't simply treat weights as RGB pixel values, if numbers are beyond 0-255 range are rescaled or clipped for visualization.","Any value outside the 0-255 range would be invalid, as each color channel in an RGB image can only have values between 0 and 255.","The weights are not RGB pixel values, but are a set of RGB color values that represent the color of the input image.                                   "
100,Can RGBa images be considered as a 4D array in image processing?,"Yes, RGBa images can be represented as a 4D array, where each pixel contains values for red, green, blue, and alpha channels, enabling transparency information.","Absolutely, in image processing, RGBa images can be treated as a 4D array, with the dimensions representing width, height, color channels (red, green, blue), and alpha channel for transparency.","Yes, RGBa images can be considered as a 4D array in image processing. They are not as dense as RGBa images, but they are more compact and more compact than RGBa images. RGBa images are typically processed using RGB filters, which can be used to capture complex patterns or patterns."
101,What are the differences between using batch training and stochastic gradient descent (SGD) in neural network optimization? Maintain the context in the rephrased question.,"Batch: Updates weights using entire dataset, slower convergence. SGD: Updates weights using single data point, faster convergence, more noisy.","Batch optimization updates weights using entire dataset, leading to slower convergence. SGD updates weights with one data point, faster but noisier.","Batch training is used for training a model with a fixed number of neurons, while SGD is used for training a model with tensors with tensors with tensors with weights.                       "
102,what does X.ndim do in pytorch? What is the equivalent function in tensorflow package?,"In PyTorch, X.ndim returns the number of dimensions in tensor X. The equivalent function in TensorFlow is tf.rank(X).","In PyTorch, X.ndim returns the number of dimensions (rank) of tensor X. The equivalent function in TensorFlow is tf.rank(X), which also returns the tensor's rank.",X.ndim is a tensorflow function that takes a tensor as input and returns a tensor with the same dimensions as the input. It returns a tensor with the same dimensions as the output. It returns a tensor with the same dimensions as the output. It returns a tensor with the same dimensions as the input
103,Will slow compression over many layers & abrupt expansion over few layers lead to data loss in autoencoder?,"Slow compression and abrupt expansion in autoencoders can cause data loss and affect reconstruction quality, especially if information is lost in bottleneck layers.","Slow compression and abrupt expansion in autoencoders may cause some information loss due to the reduced dimensions, but regularization techniques and suitable architectures can mitigate this issue.","Yes, slow compression over many layers & abrupt expansion over few layers can lead to data loss in autoencoder.                                    "
104,Can FAQ bots be developed or constructed using Interactive ML?,FAQ bots can indeed be modeled and built using Interactive ML techniques.,It is possible to leverage Interactive ML to create and train FAQ bots effectively.,"Yes, FAQ bots can be developed or constructed using Interactive ML. FAQ bots can be constructed using Interactive ML, but they are not necessarily the same as AI bots.                           "
105,Does user controls the number of features to be selected in each tree of a Random Forest model a hyperparameter ?,The number of features to be selected in each tree of a Random Forest model is a hyperparameter that can be controlled by the user.,The user has the flexibility to specify a fixed number of features or a fraction of the total features to be considered for each tree.,The number of features to be selected in each tree of a Random Forest model depends on the complexity of the problem and the complexity of the problem.                               
106,"When is backpropagation performed in neural networks, and what is its role in the learning process? Maintain the context in the rephrased question.","During neural network training, backpropagation computes gradients from the output layer backward, adjusting weights based on errors calculated.","In neural network training, backpropagation calculates gradients from output to input, enabling weight adjustments based on error computations.","Backpropagation is a process of updating the weights of a neural network based on the input data. It involves updating the weights of the network based on the input data, and then updating the weights based on the output data.              "
107,What is the primary challenge in current NLP research that researchers are actively working to overcome?,"The current biggest challenge in NLP research is developing models that possess a deeper understanding of context, semantics, and reasoning abilities.","Researchers are actively working on addressing the challenge of building NLP models that can accurately handle ambiguity, context, and nuanced linguistic understanding.",The primary challenge in NLP research is to identify and address the fundamental problems in the field. The primary challenge in NLP research is to identify and address the fundamental problems in the field.                      
108,"Is MSE the only loss function used for
time series, or can other loss functions
also be applied?","While MSE is common for time series,
other loss functions like MAE or custom
losses can also be used based on specific
needs and characteristics of the data.","While MSE is commonly used for time series
forecasting,other loss functions like MAE,
Huber loss,RMSE and custom loss functions
can be employed.","MSE is not the only loss function used for time series,
other loss functions can also be applied.                                      "
109,where do we use cartesian?,"Euclidean refers to a type of distance measurement that calculates the straight-line distance between two points in space,",cartesian refers to a coordinate system that uses two or more axes to represent points in space.,"Cartesian coordinates are the coordinates of the nearest neighbor to the nearest neighbor, typically 0.5, 1, or 2.                                                                                                                                                                               "
110,What is the cross Entropy loss? Is that same as Misclassfication rate?,Cross-entropy loss measures how well the model's predictions match the true labels. It is not same as Misclassification rate which measures the percentage of samples that are misclassified by the model.,Cross-entropy loss measures how much information is lost when the model's predictions are used to represent the true labels. Misclassification rate measures the percentage of samples that the model gets wrong.,Cross Entropy loss is a measure of the number of neurons in a neuron network. It is calculated by subtracting the number of neurons from the number of inputs.                           
111,"What is the significance of data mining with ML and AI? How does it differ from traditional data mining, where predictions are left to humans, while ML can make predictions for humans?","Data mining with ML & AI is crucial. ML automates prediction, while data mining relies on human-driven analysis. Together, they enhance decision-making and uncover valuable insights efficiently.","Data mining with ML and AI is vital as it automates predictions from vast datasets, enabling faster and more accurate insights, relieving humans from manual prediction tasks.","Data mining with ML and AI is a powerful tool for data mining, enabling data mining to learn from data and analyze it for insights. Data mining with ML and AI can be used to build predictive models for human behavior, enabling data mining to learn from data and analyze it for insights.   "
112,"Does backpropagation occur exclusively in the fully connected layer, or does it involve other layers in the neural network? Maintain the context in the rephrased question.","Backpropagation updates all layer weights, including convolutions, in CNNs by computing gradients and propagating them for learning and optimization.","CNN backpropagation computes gradients, updating all layer weights, including convolutions, for learning and optimization during training.","Backpropagation occurs in the fully connected layer, where the input layer is connected to the output layer, and the output layer is connected to the backpropagation layer.                        "
113,Is it ideal for autoencoders to be symmetric? Could slow compression over many layers and abrupt expansion over a few layers lead to data loss?,"Yes, in autoencoders, symmetric design ensures effective data reconstruction. Slow compression and abrupt expansion can lead to information loss. A balanced architecture and training process are crucial to preserve information and prevent data loss.","There is no specific constraint on the symmetry of an autoencoder. Autoencoders are designed to learn a compressed representation of the input data, and this process inherently involves some loss of information.","Autoencoders can be symmetric by default, but can be slow to evolve over many layers. Slow compression over many layers can lead to data loss.                            "
114,"Can autoencoders be used as a dimensionality reduction tool, similar to PCA, in supervised learning scenarios?","Yes, autoencoders can be employed as a dimensionality reduction technique in supervised learning by training the encoder to capture meaningful features, which can enhance the performance of supervised models.","Autoencoders can serve as an effective dimensionality reduction tool in supervised learning by learning compact representations that preserve relevant information, facilitating improved performance in classification or regression tasks.","Yes, autoencoders can be used as a dimensionality reduction tool, similar<|startoftext|> PCA, in supervised learning scenarios.                                  "
115,Can you repeat difference between data mining and machine learning,"Data mining refers to the process of discovering patterns, relationships, and insights from large datasets.",Machine learning is a subset of data mining that involves the use of algorithms and statistical models to enable computers to learn from data and make predictions or decisions.,Data mining is a different approach to machine learning. Machine learning involves learning algorithms that learn from data and then apply those algorithms to the problem. Machine learning involves learning algorithms that learn from data and then apply those algorithms to the problem. Data mining involves learning algorithms that learn from data and then apply those algorithms to the problem
116,Is there any software available for clinical language annotation?,"CLAMP (Clinical Language Annotation, Modeling, and Processing) is a NLP tool developed for clinical text analysis,used to extract and process information in healthcare and medical domains.",CLAMP is a comprehensive clinical Natural Language Processing (NLP) software that enables recognition and automatic encoding of clinical information in narrative patient reports.,"Yes, there is a comprehensive database of language-related language-related annotations available for use in clinical language recognition.                                     "
117,When do we slice?,"Slicing is a useful technique in Python for extracting a subset of elements from a list, tuple, or array.",Slicing can be useful for working with large datasets or for extracting specific subsets of data for analysis.,"Slicing is a process of slicing data into smaller portions, typically in the form of a single-dimensional array. Slicing is typically done by slicing the data into smaller portions, typically in the form of a single-dimensional array.           "
118,"In terms of obtaining better context, is lemmatization generally considered superior to stemming?","Yes, lemmatization is generally considered better than stemming for preserving the context of words.","Yes,Unlike stemming, which simply trims words to their root form, lemmatization aims to determine the base or dictionary form of a word (the lemma), considering its part of speech and semantic meaning.","Lemmatization is a technique used to extract context from text by extracting features from the text. It is not as widely used as stemming, but it can be effective in extracting context from text.                    "
119,Does the kernel provide information about the higher dimension count?,The kernel in machine learning doesn't directly provide information about the higher dimension count; it is a mathematical function used for transforming data.,"No. The kernel is a function used in machine learning algorithms to measure similarity or transform data, but it does not inherently reveal the dimensionality of the data.",The kernel provides information about the higher dimension count by iteratively updating the kernel's parameters.                                          
