,question,answer,Generated
0,What is feature selection?,The process of selecting a subset of relevant features to improve model performance and reduce complexity.,Feature selection is the process of selecting the most relevant features from a large set of data
1,"What are Markov decision processes (MDP), and how are they related to reinforcement learning?","MDPs are mathematical frameworks for modeling decision-making problems where outcomes are partly random and partly under the control of a decision-maker, providing the theoretical foundation for reinforcement learning algorithms.",MDPs are a type of decision-making algorithm that uses a set of decision
2,What is batch normalization and how does it work?,Normalizes the layer's input over a mini-batch,Batch normalization normalizes the inputs of a batch by adjusting the weights
3,How does Word2Vec create word embeddings?,Word2Vec creates word embeddings by training on a large corpus of text and positioning similar words close to each other in vector space.,Word2Vec creates word embeddings by capturing the semantic relationships between
4,What is the role of hidden layers in MLP?,Hidden layers in MLP help capture complex patterns and relationships in the data by introducing additional layers of computation between the input and output layers.,"Hidden layers in MLP allow the model to learn complex patterns in data, allowing it to"
5,What is a Decision Tree?,A Decision Tree is a predictive learning algorithm used for both classification and regression. It is a tree structure that assists in decision-making by splitting data into branches based on certain conditions.,A Decision Tree is a type of classification algorithm used for classification tasks.
6,What is variance in machine learning?,"Variance refers to the error introduced by the model's sensitivity to fluctuations in the training data, leading to different performance on different training sets.","Variance is the ratio of predictors to the total predictors, indicating the"
7,What are common methods to diagnose bias and variance in a model?,"Common methods include analyzing learning curves, evaluating performance metrics on training and validation sets, and using cross-validation results.","Common methods include comparing model performance with other models, comparing model performance with similar ones,"
8,What is the difference between L1 and L2 regularization?,"L1 regularization adds the absolute values of the coefficients to the penalty term, encouraging sparsity, while L2 regularization adds the squared values of the coefficients, discouraging large coefficients.","L1 regularization regularizes the input sequence by reducing the number of parameters, while"
9,What is feature engineering for unstructured data?,"Feature engineering for unstructured data involves converting unstructured inputs, like text or images, into structured formats that can be used for modeling.",Feature engineering for unstructured data involves creating features that capture patterns in unstructured data
10,How do we arrange different lines in descending order of error?,We arrange different lines in descending order of error by calculating the error metric for each line and then sorting them based on these values.,We arrange different lines in descending order of error by dividing the error by the number of
11,What is the difference between BERT and RoBERTa?,"RoBERTa (Robustly Optimized BERT Pretraining Approach) enhances BERT by using a larger dataset, removing the next sentence prediction objective, and training for more iterations, resulting in better performance on NLP benchmarks.","BERT uses a bidirectional representation of the input sequence, while RoBERTa uses"
12,"How can Word2Vec be used in natural language processing tasks, such as text similarity?","Word2Vec embeddings can be used to measure the similarity between words or documents, enabling tasks like document clustering or recommendation systems.",Word2Vec can be used to identify similar words by comparing their similarity to
13,What is the Underlying Abstraction in Machine Learning,The underlying abstraction in Machine Learning is y equals f of x where x is the input y is the output and f is the prediction function,Underlying Abstraction is a technique used to extract hidden features from data by removing
14,"How does ""value function approximation"" help in reinforcement learning?","Value function approximation allows the agent to estimate the value of states or state-action pairs in large or continuous spaces, using function approximators like neural networks, enabling learning in complex environments.",Value function approximation helps in reinforcement learning by estimating the value of a given
15,What is the effect of padding on the dimensions of the output feature map?,Padding maintains the height and width of the feature maps preventing them from shrinking through successive layers.,Padding reduces the size of the feature map by reducing the number of pixels in the
16,What is Support Vector Machine (SVM)?,Support Vector Machine (SVM) is a supervised learning algorithm used for classification tasks. It finds the optimal hyperplane that maximizes the margin between different classes.,SVM is a type of classification algorithm that combines features from multiple classes to create
17,How does feature scaling impact model performance?,"Feature scaling standardizes the range of feature values, which can improve model performance, especially for algorithms that are sensitive to the scale of features.",Feature scaling increases the complexity of the model by adjusting the size of the feature vectors
18,What assumptions are made in linear regression?,"Linear regression assumes linearity, independence of errors, homoscedasticity (constant variance of errors), and normality of residuals.","Linear regression assumes that the model is linearly dependent on the dependent variable, whereas"
19,What are the ethical considerations related to implementing human-in-the-loop systems in AI?,"Ethical considerations include ensuring transparency, fairness, privacy, and minimizing biases when involving humans in AI systems.","Human-in-the-loop systems should be ethically responsible for their own actions,"
20,How are Word2Vec vectors visualized?,The document shows how to visualize Word2Vec vectors in 2D using techniques such as PCA or t-SNE.,Word2Vec vectors are visualized using a vector generator like a Word
21,What is the primary function of a Generative Adversarial Network (GAN)?,A GAN consists of a generator and a discriminator that play a game to generate data samples that are indistinguishable from real data.,"GANs are designed to learn new behaviors by generating new data points, allowing them"
22,What Optimization Algorithms are available in Scikit-Learn?,Scikit-Learn provides tools for optimization algorithms including gradient descent and stochastic gradient descent.,"Scikit-Learn provides tools for optimization including dimensionality reduction, recurs"
23,What are False Negatives?,False negatives are the cases when the actual class of the data point was 1(True) and the predicted is 0(False). False is because the model has predicted incorrectly and negative because the class predicted was a negative one. (0).,False Negatives are the cases where the model correctly predicted the true positives.
24,How do Support Vector Machines (SVM) work in classification tasks?,SVM constructs a hyperplane that best separates different classes by maximizing the margin between them in the feature space.,SVM is a type of classification algorithm that combines features from multiple subsets to
25,What is a key feature of the Transformer architecture introduced by Vaswani et al.?,"A key feature of the Transformer architecture is the use of self-attention and multi-head attention mechanisms, without any recurrent connections.",The Transformer architecture introduced by Vaswani et al. provides a unique way to
26,What is the impact of overfitting on ensemble methods?,"Overfitting in ensemble methods can occur if the base models are too complex or if the ensemble is not properly tuned, potentially leading to poor generalization and reduced performance on unseen data.","Overfitting can lead to poor performance on training data, resulting in poor generalization to"
27,What is feature engineering in machine learning?,Feature engineering involves modifying or creating input features to enhance model performance.,"Feature engineering involves creating features that capture patterns in data, such as patterns in images or patterns"
28,What are some key features of human perception relevant to NLP?,"Key features include attention, object recognition, and context awareness, which can be incorporated into NLP models for improved performance.",Human perception is crucial for understanding and understanding the meaning of words and how they interact with each other
29,"What is an autoregressive transformer, and what are its typical use cases?","An autoregressive transformer generates sequences by predicting the next token based on previous tokens, commonly used in tasks like text generation, language modeling, and sequence prediction.",An autoregressive transformer is a type of transformer that learns to predict the next
30,What is reinforcement learning in deep learning?,Reinforcement learning teaches an agent to make decisions by receiving rewards or penalties based on actions.,Reinforcement learning involves a mechanism that rewards actions by allowing the agent to learn new
31,What is a random seed in machine learning?,"A value used to initialize the random number generator, ensuring reproducibility of results.",A random seed is a type of prediction that randomly selects the most likely data points from
32,What is the Q-Learning Update Rule?,The Q-learning update rule is a mathematical formula that updates the Q-values based on the agent's experiences.,The Q-learning update rule updates the Q-values every time the model updates the Q
33,What is the role of replay memory in deep Q-learning?,"Replay memory stores past experiences (state, action, reward, next state) and allows the agent to sample from them randomly during training, breaking the correlation between consecutive samples and improving learning stability.","Replay memory in deep Q-learning preserves the original state of the input sequence,"
34,What is the purpose of using different data types for weights in quantization?,"The purpose of using different data types for weights in quantization is to reduce the memory footprint of the model by converting weights from a larger data type (like float64) to a smaller data type (like int8), which allows for more efficient storage and computation.",Use different data types for weights in quantization to maximize the accuracy of the weights.
35,What does Word2Vec require for training?,Word2Vec requires a large enough corpus of data to be trained effectively.,"Word2Vec requires a large dataset of words to train, and it requires"
36,What is the function of GELU in transformers?,"GELU (Gaussian Error Linear Unit) is an activation function used in transformers that applies a smooth, non-linear transformation to the input, helping the model capture complex patterns in the data.",GELU is a transformer input function that maps inputs to outputs in the output
37,What is the difference between LSTM and GRU?,"GRU (Gated Recurrent Unit) is a variant of LSTM with fewer parameters, as it combines the forget and input gates into a single update gate, making it simpler and faster to train.","LSTM uses a neural network to learn the sequence of words, while GRU uses"
38,What is Principal Component Analysis (PCA)?,PCA is a dimensionality reduction method based on feature extraction that transforms a data set to a lower dimension.,PCA is a technique used to find the principal components of a data point by
39,What is fit nets?,Fit nets is a technique used to train a smaller neural network to mimic the behavior of a larger neural network by using a combination of knowledge distillation and pruning.,Fit nets are a type of neural network architecture that combines the features of both the
40,What is a parameter in machine learning?,A variable that is learned from the training data by the model.,A parameter is a set of parameters that are used to evaluate model performance.
41,How does weight sharing contribute to model compression?,"Weight sharing reduces the number of unique parameters in a model by having multiple connections share the same weights, effectively compressing the model without the need to store as many distinct parameters.",Weight sharing helps reduce the size of the model by allowing it to fit more data into smaller
42,"What are intraclass and interclass variations, and why are they important in verification tasks?","Intraclass variation refers to differences within the same class, such as changes in a person's appearance over time. Interclass variation refers to differences between different classes, such as differences between faces of different individuals. In verification tasks, intraclass variation can be a significant challenge because the variations within the same persons images (e.g., over time) might be larger than variations between different people, making it harder to verify identity accurately.","Intraclass variations are the differences between the classes in a verification dataset, indicating that"
43,What is feature engineering for clustering problems?,"Feature engineering for clustering problems involves creating features that help group similar data points together, improving the quality and interpretability of clusters.","Feature engineering for clustering involves creating features that capture the patterns in the data, such as"
44,What are the challenges of using unsupervised learning?,"Unsupervised learning can be challenging because there are no labeled outputs to guide the training process, making it harder to evaluate model performance and select appropriate algorithms.","Unsupervised learning can be challenging due to the complexity of the data, as it requires a"
45,What are the components of a confusion matrix?,"The components include True Positive (TP), True Negative (TN), False Positive (FP), and False Negative (FN).",The components of a confusion matrix include: The confusion matrix is a table that summarizes
46,What are the terms associated with confusion matrix?,"True Positives (TP), True Negatives (TN), False Positives (FP), False Negatives (FN)",The terms associated with confusion matrix include:
47,What is anomaly detection?,The process of identifying unusual patterns in data that do not conform to expected behavior.,Anomaly detection is the process of identifying patterns in data by detecting anomalies
48,What is the difference between AI and machine learning?,"AI is a broad field involving intelligent machines, while machine learning is a subset focused on algorithms learning from data.","AI is a type of machine learning that uses algorithms to learn patterns in data, while machine"
49,What is the impact of training for too long on overfitting?,"Training for too long can lead to overfitting, as the model may start learning noise in the training data and perform poorly on unseen data.","Training for too long can lead to overfitting, as the model learns too much information"
50,What are the main components of reinforcement learning?,"Components include the agent, environment, actions, states, rewards, and policy.","The main components of reinforcement learning are the agent's decision-making, decision-making,"
51,What do we do in NLP?,"Computational linguisticsrule-based human language modellingis combined with statistical, machine learning, and deep learning models in NLP",We use NLP to understand and understand text.
52,What is the purpose of an encoder in sequence-to-sequence models?,"The encoder processes the input sequence and transforms it into a fixed-length context vector, which is then used by the decoder to generate the output sequence.","An encoder is used to encode sequences, capturing the sequence's order and"
53,Explain the concept of masking in BERT.,"Masking in BERT refers to randomly masking a portion of the input tokens during training, forcing the model to predict the masked tokens based on their context, which improves its understanding of language patterns.",Masking is a technique used to mask words in a sentence to prevent overfitting
54,What is the main purpose of using the BoW model?,The main purpose of using the BoW model is to generate features for training machine learning algorithms.,The main purpose of using the BoW model is to improve the performance of the classification model by
55,How does word2vec capture semantic relationships between words?,"Word2vec represents words as vectors in a space where words with similar meanings are closer together, enabling it to capture semantic relationships.",Word2vec captures semantic relationships between words by capturing their semantic similarities and meanings
56,What is a perceptron?,"The simplest type of artificial neural network, consisting of a single layer of neurons.","A type of neural network that consists of a input, output, and output layers."
57,What is the Face Detection API?,The Face Detection API can detect faces in images and provide information about the faces such as the location size and attributes.,The Face Detection API is a tool that enables users to detect faces in
58,What is the bias-variance tradeoff in machine learning?,It balances a model's generalization ability (low bias) and sensitivity to training data (low variance).,"The bias-variance tradeoff is the ratio of bias to variance in a model,"
59,"What is the significance of ""value network"" in reinforcement learning?","A value network is a neural network that approximates the value function, estimating the expected return from a given state or state-action pair, guiding the agent's decision-making process.",The value network is a network of values that captures the value of actions in a
60,What is Parameter-Efficient Fine-Tuning (PEFT)?,"PEFT refers to techniques that allow fine-tuning large pre-trained models using only a small subset of parameters, reducing the computational and memory requirements while maintaining model performance.",PEFT is a technique that combines the advantages of parameter-efficient fine-tun
61,What is Recall?,Recall is a measure that tells us what proportion of patients that actually had cancer was diagnosed by the algorithm as having cancer.,Recall is the ratio of true positive predictions to the total positive predictions made by the model.
62,Why is transfer learning beneficial?,"Transfer learning is beneficial because it addresses the challenges of limited data availability, long training times for deep learning models, and the need for extensive computational resources. By using a pre-trained model, it is possible to achieve good performance even on small datasets with less computational cost.",Transfer learning helps improve performance on tasks like machine translation and machine translation.
63,How can web scraping be used in conjunction with the Natural Language Toolkit (NLTK) for text analysis?,"Web scraping can be employed to extract textual data from websites, and NLTK can then be used for tasks such as tokenization, part-of-speech tagging, and sentiment analysis on the scraped text.","Web scraping can be used in conjunction with NLTK to extract text from webpages,"
64,What is the final purpose of the attention weights in the attention mechanism?,The attention weights determine how much focus the decoder should place on each input word when generating each output word in the sequence.,"The attention weights are used to determine the importance of each word in a sentence,"
65,"What is ""bootstrapping"" in reinforcement learning?","Bootstrapping refers to the technique of updating value estimates based on estimates of future rewards rather than waiting for the final outcome, enabling more efficient learning by using intermediate estimates.",Bootstrapping is a technique used to train agents to learn new actions in a sequence
66,"What is data augmentation, and why is it used in transfer learning?","Data augmentation is a technique used to artificially increase the size of the training dataset by applying various transformations such as flipping, rotating, or zooming in/out on the images. It is used to improve model performance and reduce overfitting, especially when dealing with small datasets.",Data augmentation involves transforming raw data into a higher-dimensional representation of the original data
67,What is the difference between Regression and Time Series,Regression involves predicting a real number while time series forecasting involves predicting based on prior time-tagged data,Regression is used to predict the future of a model by calculating the probability of
68,How does the attention mechanism enhance deep learning models?,"The attention mechanism helps the model focus on the most relevant parts of the input, improving the performance of tasks that require understanding contextual dependencies, such as machine translation and image captioning.","Attention mechanisms allow deep learning models to focus on specific parts of the input sequence, enabling them"
69,What is End-to-End Learning in Machine Learning,End-to-end learning involves learning y directly from I,End-to-End Learning is a method for evaluating the performance of a
70,How does KNN classify an unknown sample?,KNN classifies an unknown sample by determining the k-nearest neighbors to the sample and assigning the majority label from these neighbors to the sample.,KNN classifies an unknown sample by identifying the most likely features in the data.
71,What is a Convolutional Neural Network (CNN)?,"A CNN is a type of deep learning model specifically designed for processing structured grid data, like images. It uses convolutional layers to automatically learn spatial hierarchies of features.",A CNN is a type of neural network that uses convolutional layers to extract features from
72,What is feature importance?,"Feature importance measures the contribution of each feature to the model's predictions, helping to identify which features are most influential in making predictions.",Feature importance refers to the importance of a feature in a model. It determine
73,Explain the concept of a fully connected layer.,A fully connected layer connects every neuron in one layer to every neuron in the next layer. It is typically used at the end of CNNs to perform classification.,"A fully connected layer is a layer that is connected to all other layers, allowing the"
74,What is Splitting in Decision Trees?,The training set is split into subsets based on the best feature.,"Splitting is the process of splitting a decision tree into smaller units, often using a"
75,What is the trade-off between model complexity and accuracy?,There is a trade-off between model complexity and accuracy with more complex models achieving higher accuracy but also requiring more computational resources.,"The trade-off between model complexity and accuracy is the ratio of complexity to accuracy, indicating"
76,What are some popular ensemble methods used in NLP?,"Bagging (e.g., Random Forest) and boosting (e.g., AdaBoost) are widely used ensemble methods for improving classification and regression tasks.","Ensemble methods include recurrent neural networks, supervised learning, and machine learning."
77,What is Recursive Binary Splitting?,"Recursive Binary Splitting is a procedure where all features are considered, and different split points are tested using a cost function. The split with the lowest cost is selected, and the process is repeated recursively for each child node.","Recursive binary splitting involves splitting the data into subsets based on their importance,"
78,What is Common Terminology in Machine Learning,Common terminology in Machine Learning includes ground truth labels predictions training and testing supervised and unsupervised features input output feature representation samples learning model and classification,"Common Terminology in Machine Learning includes the following common terms: Common, X-words"
79,Why is feature engineering important?,Feature engineering is important because it can significantly impact model performance by providing more relevant and informative features for the model to learn from.,"Feature engineering is important because it helps in identifying and capturing patterns in data,"
80,How does weight pruning benefit model performance?,"Weight pruning makes matrices sparse, which can be stored more efficiently and allows for faster sparse matrix multiplications. This reduces the model's size and computation requirements, making it more efficient during inference.","Weight pruning reduces the number of parameters in a model, allowing it to capture more"
81,What is a softmax function?,A function that converts a vector of values into a probability distribution.,"A function that measures the distance between the nearest zero and the nearest zero in a sequence,"
82,What are the advantages of using ensemble methods over single models?,"Ensemble methods offer advantages such as improved accuracy, reduced variance, increased robustness, and better generalization compared to single models, by leveraging the strengths of multiple models.","Ensemble methods combine multiple models to create a more robust model, which can be more reliable and"
83,How does bagging differ from boosting in ensemble methods?,"Bagging trains multiple models independently and aggregates their predictions, while boosting focuses on sequentially improving the model by giving more weight to misclassified instances.",Bagging uses a weighted sum of data points to estimate the ensemble's performance
84,What is fine-tuning in deep learning?,Fine-tuning adjusts a pre-trained model's parameters for a specific task.,"Fine-tuning involves adjusting the training model's performance on new tasks,"
85,What is Hadoop Distributed File System (HDFS)?,Running on a cluster of commodity servers Partitioning Replication,HDFS is a distributed file system that combines the features of Hadoop and other distributed
86,How does multi-agent reinforcement learning differ from single-agent reinforcement learning?,"Multi-agent reinforcement learning involves multiple agents interacting within an environment, where each agent's actions may affect the others, requiring coordination, competition, or collaboration.","Multi-agent reinforcement learning involves multiple agents, including the agent itself, learning to interact with"
87,What role does the ReLU activation function play in CNNs?,ReLU (Rectified Linear Unit) introduces non-linearity into the model by converting all negative values in the feature map to zero. This helps the network learn complex patterns and speeds up training.,ReLU activates the receptive layer by converting the input into a
88,What is the main drawback of Decision Trees?,"Decision Trees can easily overfit, especially when they become too complex with deep nodes.","Decision Trees are slow and slow to learn, requiring a lot of training data and"
89,What is the Q-Function?,The Q-function is a mathematical function that maps states and actions to expected rewards.,The Q-function is a function that determines the Q-values of a
90,Gradient descent is used to find the maxima of a function. True or False?,FALSE,Gradient descent is used to find the maxima of a function.
91,How can regularization techniques help prevent overfitting?,"Regularization methods, like L1 or L2 regularization, penalize complex models, preventing them from learning overly specific patterns from the training data.","Regularization techniques can help prevent overfitting by adjusting the model's weights,"
92,What are leaf nodes in Decision Trees?,Leaf nodes are nodes that do not split.,Leaf nodes are the branches of the decision tree that are used to classify data.
93,What is the Decision Boundary in a Linear Classifier?,The decision boundary is a hyperplane that separates the classes.,The Decision Boundary is the boundary between the classification function and the classifier.
94,What is the primary goal of unsupervised learning?,Unsupervised learning aims to find hidden patterns or intrinsic structures in unlabeled data without explicit supervision or labeled outcomes.,The primary goal of unsupervised learning is to learn a model that can learn from unlab
95,What is an Experiment in Machine Learning,The experiment involves splitting the data into train and test sets using train_test_split from sklearn,An experiment is a training set of models that is used to train the model
96,What is XGBoost?,An optimized distributed gradient boosting library designed to be highly efficient and flexible.,XGBoost is a generative model that uses a neural network to learn
97,What is a cross-validation score?,"A cross-validation score is the performance metric obtained from evaluating the model on each fold during cross-validation, averaged to provide an estimate of model performance.",A cross-validation score is the sum of the cross-validation scores achieved during the
98,How is PCA performed by Eigen-Decomposition?,PCA is performed by carrying out the eigen-decomposition of the covariance matrix.,PCA is performed by Eigen-Decomposition by dividing the data into subsets
99,What is an environment in reinforcement learning?,"An environment in reinforcement learning refers to the external system or scenario with which an agent interacts, receiving observations and rewards based on its actions.","An environment is a set of actions that are expected to occur in a given environment,"
100,Why is multi-head attention used in transformers?,Multi-head attention allows the model to focus on different parts of the sequence simultaneously capturing various types of relationships.,"Multi-head attention allows the model to focus on different parts of the input, allowing it"
101,How is the mapping from old weights to new weights represented in uniform quantization?,"The mapping is represented as a linear function, where the old weights are transformed into new weights based on their relative position in the original range.",Uniform quantization uses a linear transformation to represent the new weights as a vector
102,"What is RAG, and how does it work?","RAG (Retrieval-Augmented Generation) is a framework that retrieves relevant information from a knowledge base and then generates a response by combining this retrieved information with a prompt. It typically involves three steps: retrieval, augmentation, and generation?(LangChain_RAG).",RAG is a type of supervised learning algorithm that combines the features of supervised
103,What is hierarchical clustering in machine learning?,Hierarchical clustering builds a tree-like structure of nested clusters by iteratively merging or splitting existing clusters based on a distance metric.,Hierarchical clustering is a technique used to classify data into clusters based
104,What are Eigenvalues and Eigenvectors?,Eigenvalues and eigenvectors are scalar values and vectors that describe the amount of change in a linear transformation.,"Eigenvalues are the values of the data, while Eigenvectors are the values of"
105,What problem does SentencePiece address in subword tokenization methods?,SentencePiece addresses the problem of languages that do not use spaces to separate words by including the space character in the set of tokens used for building vocabularies.,SentencePiece addresses the problem of separating subword tokenization from the
106,What are the different types of activation functions commonly used in MLPs?,"Popular choices include sigmoid, ReLU, and Leaky ReLU, each with different properties regarding non-linearity and vanishing gradients.","The activation functions used in MLPs include df, f, k"
107,What is a use case for the Text Analytics API on Azure?,"A use case for the Text Analytics API on Azure includes extracting key phrases, sentiment analysis, language detection, and named entity recognition from a block of text, useful in applications like customer feedback analysis.","The Text Analytics API on Azure is used in applications like text generation, text analysis, and text"
108,What is proximal policy optimization (PPO) in reinforcement learning?,PPO is a policy gradient algorithm that balances exploration and exploitation by using a clipped objective function to prevent large policy updates.,PPO is a technique that optimizes the policy by maximizing the probability that the agent
109,What is the bias-variance tradeoff?,"The bias-variance tradeoff is the balance between a model's bias (error due to oversimplification) and variance (error due to sensitivity to fluctuations in the training data), impacting overfitting and underfitting.",The tradeoff between bias and variance is known as the bias-variance tradeoff.
110,What are some limitations of bag-of-words models in representing text?,"Bag-of-words models disregard word order and semantic meaning, leading to a loss of contextual information.","Bag-of-words models can be computationally expensive and time-consuming, especially when"
111,What is the main idea of the presentation?,The presentation discusses the evolution of CNN architectures including AlexNet VGGNet GoogLeNet and ResNets and their performance on ImageNet.,The main idea of the presentation is to present the results of a training session to the audience
112,What is the role of feature selection in preventing overfitting?,"Feature selection helps prevent overfitting by removing irrelevant or redundant features, reducing the model's complexity and focusing on the most informative features.","Feature selection helps prevent overfitting by focusing on relevant features, which can help prevent"
113,What is the advantage of using CNNs for processing images compared to traditional methods?,"CNNs automatically learn and extract relevant features directly from raw images, eliminating the need for manual feature engineering. This leads to more accurate and scalable image processing.","CNNs can handle large amounts of data and are able to capture complex patterns in images,"
114,What is the purpose of residual analysis?,Residual analysis involves examining the residuals (differences between observed and predicted values) to assess the validity of model assumptions and identify potential issues with model fit.,Residual analysis is used to evaluate the performance of a model by comparing the
115,What are the features extracted by Bag of Words?,The features extracted from the text documents can be used for training machine learning algorithms.,The features extracted by Bag of Words are a list of words in a sentence.
116,"What are ensemble methods in machine learning, and how do they improve model performance?",Ensemble methods combine predictions from multiple models to enhance overall performance.,"Ensemble methods combine multiple models to improve model performance, allowing the model to learn more complex patterns"
117,What is MapReduce?,Allows simply expressing many parallel/distributed computational algorithms,MapReduce is a Python library that combines the features of MapReduce with the
118,How does the BoW model create a vocabulary?,The BoW model creates a vocabulary by listing all the unique words occurring in all the documents in the training set.,"The BoW model creates a vocabulary by combining features from multiple models, allowing"
119,What is the impact of ensemble size on model performance?,"Increasing the ensemble size generally improves model performance by reducing variance and increasing robustness, but it also increases computational complexity and training time.",Ensemble size affects model performance by allowing more diverse and diverse ensembles to capture diverse patterns
120,How do attention scores in BERT help in understanding relationships between words?,"Attention scores in BERT indicate the importance of each word relative to others, helping the model understand how words relate to each other within the context.",Attention scores in BERT help in understanding relationships between words by indicating the importance of each word
121,What is linear regression?,A method for modeling the relationship between a dependent variable and one or more independent variables by fitting a linear equation.,Linear regression is a type of regression that uses a linear equation to predict the probability
122,How do you get the column names of a DataFrame?,Use df.columns to get the column names of a DataFrame.,Use df.column_names('column_name'
123,How can NLTK be used in web scraping projects?,"NLTK provides tools for text processing, tokenization, and stemming which can be employed in web scraping to clean and preprocess text obtained from web pages.",NLTK can be used in web scraping projects by generating a list of all
124,What is cross-validation?,A technique for assessing how well a model generalizes to an independent dataset by splitting the data into multiple training and validation sets.,Cross-validation is a technique used to evaluate the performance of a model by
125,Why can't HTML data be extracted simply through string processing?,HTML is nested and data cannot be extracted simply through string processing.,HTML data cannot be extracted simply through string processing because it is too complex and requires a large
126,"What is a perceptron, and how does gradient descent help train it?","A perceptron is a basic neural network unit, and gradient descent is an optimization algorithm used to adjust its weights for better performance.",A perceptron is a type of neural network that uses a gradient algorithm to
127,What are the advantages of using GRUs over LSTMs?,"GRUs offer several advantages over LSTMs, including a simpler architecture with fewer parameters, which leads to faster training and less computational complexity. GRUs often perform similarly to LSTMs but with greater efficiency, making them a good choice when computational resources are limited.","GRUs are faster and more accurate than LSTMs, allowing them to capture"
128,What is the purpose of the intercept term in linear regression?,The intercept term in linear regression represents the expected value of the dependent variable when all independent variables are zero. It shifts the regression line up or down.,"The intercept term is used to estimate the probability that the model correctly predicted the next variable,"
129,What are some challenges when dealing with uncertain numbers in linear regression?,"Challenges when dealing with uncertain numbers in linear regression include handling noise in measurements and missing values, which can affect the accuracy of the model.",Challenges include balancing the need for a more robust model and the need for more
130,How does the Gini Index change with the depth of the tree?,The Gini Index decreases to zero with an increase in the depth of the tree.,"The Gini Index changes with the depth of the tree, indicating that the tree is more"
131,How does a twin delayed deep deterministic policy gradient (TD3) improve DDPG?,"TD3 improves DDPG by addressing overestimation bias through techniques like delayed policy updates, target policy smoothing, and using two Q-networks for more reliable value estimates.","TD3 combines two deep deterministic policy gradients, a delayed deep"
132,What is model interpretability?,The ability to understand and explain how a machine learning model makes its decisions.,Model interpretability measures the ability of a model to capture context in a given context.
133,How do you address domain gaps in machine learning?,"To address domain gaps, one can explore different learning settings, such as transfer learning, weakly supervised learning, or using synthetic data.","Domain gaps can be addressed through training and training models, leveraging existing knowledge, addressing domain"
134,What is the Problem Space in Machine Learning,The problem space in Machine Learning involves feature extraction classification and end-to-end learning,The problem space in Machine Learning is the area where the model is trying to find the best solution
135,"What is a language model, and what is its purpose?","A language model is a model that assigns probabilities to sequences of words, used for tasks like text generation, machine translation, and speech recognition, to predict the likelihood of a sentence or word sequence.",A language model is a type of machine learning model that aims to understand the language of
136,What is BERT (Bidirectional Encoder Representations from Transformers)?,"A pre-trained Transformer model designed to understand the context of words in all directions, improving performance on NLP tasks.",BERT is a bidirectional encoder representation of Transformers that combines the features of
137,How do word embeddings capture semantic relationships between words?,Words with similar meanings are represented by vectors close together in the embedding space.,Word embeddings capture semantic relationships between words by capturing semantic relationships between words.
138,What is a Holdout Test Set in Machine Learning,Holdout test set is a method of evaluating model performance by splitting the data into training and testing sets where the test set is used to estimate model performance,A Holdout test set is a test set that evaluates the model's performance on
139,How do activation functions in MLPs introduce non-linearity?,"Activation functions like sigmoid or ReLU introduce non-linear transformations between layers, allowing the network to learn complex patterns.",Activation functions in MLPs introduce non-linearity by introducing features that
140,How do you set a new index for a DataFrame?,"Use df.set_index('new_index', inplace=True) to set a new index.","Use df.set_index('new_index', 'no"
141,What is Feature Extraction in Machine Learning,Feature extraction involves finding x corresponding to an entity or item such as an image webpage or ECG,Feature extraction involves extracting features from raw data to improve model performance
142,What is a convolution in CNNs?,A mathematical operation used to extract features from input data by applying a filter.,A convolution technique involves applying a filter to the input data to extract features from it.
143,What is a generative adversarial network (GAN)?,"A GAN consists of two neural networks, a generator and a discriminator, that compete with each other to generate realistic data samples and evaluate their authenticity.",A GAN is a type of neural network that uses generative algorithms to learn new actions
144,What is GPT?,"Generative Pre-trained Transformer, a model for generating human-like text.",GPT is a type of training technique that uses a generator to generate a prediction
145,What is the database analogy for queries and keys and values in self-attention?,In the context of databases queries are used to interact with databases and keys are used to uniquely identify records and values are the actual data stored in the fields of a database table.,The database analogy for queries and keys and values in self-attention is a simple one
146,What is a learning curve and how does it relate to bias and variance?,"A learning curve shows how model performance changes with varying training set sizes or training iterations, helping to diagnose bias and variance by showing trends in training and validation performance.",A learning curve measures the performance of a model by comparing the performance of the model to
147,What is a gated recurrent unit (GRU) in deep learning?,A GRU is a simplified version of an LSTM that uses gating mechanisms to control information flow without separate memory cells.,GRU is a type of recurrent unit that is used to store a state
148,What is the goal of the SVM algorithm when finding the best line?,"The goal of the SVM algorithm is to find the points closest to the line from both classes, known as support vectors, and then compute the distance between the line and these support vectors. This distance is called the margin, and the objective is to maximize this margin. The hyperplane with the maximum margin is considered the optimal hyperplane.",The goal of the SVM algorithm is to find the best line by evaluating the performance of
149,What is the purpose of Word2Vec?,Word2Vec is used to convert text to vectors and find relations between words.,Word2Vec is used to identify words in a document by comparing them to
150,What is the process of non-uniform quantization or weight sharing?,"Non-uniform quantization involves performing k-means clustering on weights, allowing weights to be shared among clusters. This method significantly reduces storage requirements by encoding weights with fewer bits.","Non-uniform quantization involves dividing the data into subsets, such as"
151,What is the role of 1D Convolution in processing text data?,"1D Convolution is used to slide filters over sequences of text, capturing n-gram features or local patterns such as word pairs or phrases. This is effective in learning word representations and relationships.",1D Convolution is used to extract features from text data by combining features from other con
152,What are the main components of a Convolutional Neural Network (CNN)?,A CNN consists of input and output layers and multiple hidden layers including convolutional pooling fully connected and normalization layers.,"The main components of a CNN are the filter, the filter, and the recept"
153,How is the training process of an MLP conducted using backpropagation and gradient descent?,"During training, backpropagation computes gradients of the error with respect to the weights, and gradient descent adjusts weights to minimize the error.",Backpropagation and gradient descent are used to train the model using backpropagations to
154,What are some common challenges in sentiment analysis?,"Challenges include handling sarcasm, ambiguity, domain-specific language, and detecting nuanced emotions.","Challenges include balancing sentiment across different subsets, balancing sentiment across different"
155,What are stopwords?,"Common words like ""the"" ""and"" ""a"" etc. that do not add much value to the meaning of a text.",Stopwords are a type of word that is used to describe a word in
156,What are the differences between BoW and W2V?,The document highlights the differences between BoW and W2V including the fact that W2V preserves the semantics or meaning of the word.,"BoW is a vector space with a fixed size, while W2V is"
157,What is the ROC curve?,The ROC curve is a graphical plot that illustrates the diagnostic ability of a binary classifier system by plotting the True Positive Rate against the False Positive Rate.,The ROC curve shows the performance of a model by comparing the performance of different classes
158,What is entropy in Decision Trees?,Entropy is a measure of impurity used to decide how to split the data in Decision Trees.,Entropy is the ratio of true positives to the total positives in a Decision
159,Why is learning rate an important training argument?,"The learning rate controls how much the model's weights are updated during training. A learning rate that is too high can cause the model to converge too quickly to a suboptimal solution, while a rate that is too low can make training slow or cause the model to get stuck in local minima.",The learning rate is an important training argument because it determines how fast the model learns to
160,What advantages do ensemble methods offer over individual models?,"Ensemble methods combine diverse models to reduce bias, variance, and overfitting, often leading to improved predictive performance.",Ensemble methods combine multiple models to improve performance and reduce the number of independent models.
161,What procedure is used to grow a tree in Decision Trees?,The recursive binary splitting procedure is used to grow a tree.,A tree is grown using a tree-growing process called a tree-growing process.
162,What are the advantages of using LoRA over traditional fine-tuning methods?,"LoRA significantly reduces the computational and memory overhead by updating only a small fraction of the model's parameters, making it more efficient and suitable for fine-tuning large models on smaller datasets.",LoRA is a versatile and efficient model that can handle a wide range of data types
163,How do you rename columns in a DataFrame?,"Use df.rename(columns={'old_name': 'new_name'}, inplace=True) to rename columns.","Use df.rename(columns, 'column_"
164,"How did the ""Attention Is All You Need"" paper address the issue of computational complexity in self-attention?","The paper introduced multi-head attention, which allows the model to focus on different parts of the input in parallel. This approach distributes the computational load and improves the model's ability to capture diverse features.","The ""Attention Is All You Need"" paper addressed the issue of computational complexity in"
165,How does the backpropagation algorithm update weights?,"The backpropagation algorithm updates weights using gradient descent, which involves computing the gradient of the loss function with respect to the weights and adjusting the weights in the opposite direction of the gradient.","The backpropagation algorithm updates weights by adjusting the gradient of the gradient,"
166,"What is the ""critic"" in the actor-critic method?","The critic in the actor-critic method evaluates the actions taken by the actor by estimating the value function, providing feedback to improve the actor's policy based on the value of state-action pairs.","The critic is the actor's critic, guiding the actor in guiding the critic in"
167,What is the Environment in Q-Learning?,The environment is the external world that the agent interacts with.,"The environment in Q-learning is the input data, the output data, and the output data"
168,What is the purpose of a rectified linear unit (ReLU) activation function?,"ReLU introduces non-linearity into the model by outputting the input directly if it's positive; otherwise, it outputs zero. It helps in reducing the vanishing gradient problem.",ReLU is used to activate the activation function by converting the resemblance
169,How does early stopping work as a training argument?,"Early stopping is a regularization technique that halts training when the model's performance on a validation set stops improving, preventing overfitting and saving computational resources.",Early stopping involves stopping training when the model is too slow to capture the underlying patterns in the
170,What does the ID3 algorithm do after splitting the set S?,The algorithm continues to recurse on each subset considering only attributes never selected before.,"The ID3 algorithm splits the set into two subsets, dividing the set into"
171,What are some applications of reinforcement learning?,"Applications include robotics, autonomous vehicles, game playing (e.g., AlphaGo), personalized recommendations, financial trading, and optimization problems in various domains.","Applications include reinforcement learning for tasks like predicting future rewards, predicting future actions, and"
172,Why is padding used in CNNs?,Padding prevents the reduction in height and width of feature maps through layers and preserves information at the edges of the input image.,Padding is used to prevent the network from overfitting by adjusting the weights to
173,When can accuracy be a misleading metric in machine learning?,"Accuracy can be misleading when the dataset is imbalanced, and one class dominates the others, leading to biased evaluation.",Accuracy can be misleading because it measures the proportion of correctly predicted data points to the total
174,What distinguishes Cognitive APIs from regular APIs?,"Cognitive APIs are specialized APIs that provide cognitive (data science) services, such as machine learning, natural language processing, and computer vision, often offered by cloud providers like Microsoft, Amazon, Google, IBM, and Twitter.","Cognitive APIs are designed to learn new behaviors and behaviors, allowing them to learn from existing"
175,How does KNN determine the class of a new data point?,KNN assigns a class to a new data point based on the majority class among its k-nearest neighbors in the feature space.,KNN determines the class of a new data point by determining the distance between the
176,What is the role of positional encodings in transformer models?,"Positional encodings provide information about the position of tokens in a sequence, allowing transformers to capture the order of words, which is crucial for understanding the context.",Positional encodings in transformers represent the position of the input sequence in a
177,What are some common performance metrics used to evaluate text classification models?,"Accuracy, precision, recall, F1 score, and AUC are widely used metrics for evaluating the performance of text classification models.","Common performance metrics include accuracy, recall, recall, recall, recall, and recall."
178,"How does ""importance sampling"" work in reinforcement learning?","Importance sampling is used to correct for the difference between the policy used to generate data and the policy being evaluated, allowing for unbiased estimation of expected returns in off-policy learning.",Importance sampling is a technique used to estimate the importance of a state or action
179,What is early stopping and how does it help with bias and variance?,"Early stopping involves monitoring the model's performance on a validation set and stopping training when performance starts to degrade, helping to prevent overfitting (high variance).","Early stopping involves stopping training before the model is ready to learn the model's behavior,"
180,What is a fully connected layer in deep learning?,A fully connected layer connects each neuron to every neuron in the previous layer.,"A fully connected layer is a layer that connects all layers of the network, allowing"
181,How does an MLP differ from a single-layer perceptron?,"An MLP has multiple layers, allowing it to learn more complex relationships, whereas a single-layer perceptron has only an input and output layer, limiting its capability.","An MLP uses multiple layers of input data, including a pre-trained model,"
182,Why is it often recommended to choose an odd value for k?,An odd value for k is often recommended to avoid ties in the majority voting process when classifying a sample.,An odd value for k is often recommended because it allows the model to learn a more
183,How is TF-IDF calculated?,TF-IDF is the product of TF and IDF.,"TF-IDF is calculated by dividing the TF by the IDF value,"
184,What is the purpose of cross-validation in Decision Trees?,"Cross-validation is used to evaluate the performance of a Decision Tree by testing it on different subsets of the data, helping to prevent overfitting.",Cross-validation in Decision Trees involves comparing the performance of the models against the predictions
185,What is a decision tree?,"A decision tree is a supervised learning algorithm used for classification and regression. It splits the data into subsets based on the most significant attribute, creating a tree-like model of decisions.","A decision tree is a tree-like structure that consists of multiple decision trees, each"
186,How does aligning pictures and captions during training benefit models?,"Aligning pictures and captions allows models to translate between modalities, enabling tasks like generating captions from images or creating images from captions.",Accuracy of the images and captions helps improve model generalization and generalization.
187,What is the main challenges of NLP?,Handling Ambiguity of Sentences is the main challenges of NLP.,"The challenges of NLP include the need for more training and training, the need for more training"
188,What is a Convolutional Neural Network (CNN)?,"A Convolutional Neural Network (CNN) is a type of deep learning model designed to process data with a grid-like structure, such as images.",A CNN is a type of neural network that uses convolutional layers to extract features from
189,What is Spark Datasets?,Strongly-typed DataFrames Only accessible in Spark2+ using Scala,Spark Datasets is a Python library that combines the power of Python and Spark to
190,How does a Random Forest Classifier select features?,Each tree in a random forest selects a subset of features (words) and selects the best from the subset.,A Random Forest classifier selects features based on their similarity to the data.
191,What is soft actor-critic (SAC) in reinforcement learning?,"SAC is an off-policy actor-critic algorithm that maximizes a trade-off between expected reward and entropy, encouraging exploration by learning stochastic policies.",SAC is a type of agent-critic that focuses on the behavior of the
192,What kind of data can be extracted using Beautiful Soup?,Extract specific data like author name title tables and description using Beautiful Soup.,"Beautiful Soup can extract data from any type of data such as text, images, and videos"
193,What is the Text Analytics API?,The Text Analytics API can analyze text and provide information about the sentiment entities and language used in the text.,The Text Analytics API is a tool that helps you understand text and understand how it is processed
194,What is syntactic parsing?,The process of analyzing a sentence's syntax according to grammatical rules.,Syntactic parsing is a technique used to parse words into simpler
195,"What is the Bellman equation, and how is it used in reinforcement learning?","The Bellman equation provides a recursive decomposition of the value function, breaking it down into immediate rewards and the expected value of future rewards, forming the basis for algorithms like Q-learning.",The Bellman equation is a mathematical equation that describes the relationship between a reward function and
196,"What is GPT-3, and how does it differ from GPT-2?","GPT-3 is an advanced version of GPT-2, with 175 billion parameters compared to GPT-2's 1.5 billion, making it capable of generating more coherent and contextually relevant text across a wider range of tasks.",GPT-3 is a supervised learning algorithm that uses a gradient function to learn
197,What is stepwise regression?,Stepwise regression is a variable selection technique that involves adding or removing predictors based on their statistical significance to find the best subset of variables for the model.,Stepwise regression is a method for estimating the probability of a regression line being correctly
198,"What is a GRU, and how does it differ from an LSTM?","Gated Recurrent Unit (GRU) is a simpler variant of LSTM that also addresses the vanishing gradient problem. GRUs have two gates (reset and update gates) instead of the three gates in LSTMs, making them computationally more efficient while still capturing long-term dependencies.",A GRU is a type of LSTM that uses a generator to generate
199,What is the primary difference between supervised and unsupervised learning?,"Supervised learning involves data with labels, where the goal is to learn a function that maps inputs to outputs (e.g., classification, regression). Unsupervised learning involves data without labels, aiming to learn the underlying hidden structure of the data (e.g., clustering, dimensionality reduction).","Supervised learning uses labeled data to learn patterns, while unsupervised learning uses un"
200,What method is used to send a request to a URL?,Send a GET request to the specified URL using requests.get().,Send a request to a URL using df.request('request
201,What is the Discount Factor?,The discount factor is a parameter that determines the importance of future rewards.,The discount factor is a metric used to evaluate the performance of a model by
202,What is a word cloud?,A visual representation of text data where the size of each word indicates its frequency or importance.,A word cloud is a type of data representation that combines multiple words into a single
203,Which graident descent is most computation efficient?,Mini batch gradient descent.,Graident descent is the most computational efficient because it captures the smallest grammatic
204,what is Question Answering?,"This helps prepare answers automatically based on a corpus of text, and on a question that is posed.",Question answering is a technique used to find the best answer to a question.
205,What is the difference between homoscedasticity and heteroscedasticity?,"Homoscedasticity refers to constant variance of residuals across all levels of the independent variables, while heteroscedasticity refers to varying variance of residuals, which can affect model accuracy.",Homoscedasticity is a type of symmetrical distribution where each
206,How does the 'attention is all you need' paradigm differ from traditional sequence models?,"The 'attention is all you need' paradigm introduced by the Transformer model eliminates the need for recurrence or convolution, relying entirely on self-attention mechanisms for capturing dependencies in sequences.",The 'attention is all you need' paradigm uses a set of parameters to focus on
207,What are some challenges in training large NLP models?,"Challenges include the need for significant computational resources, handling large-scale data, managing overfitting, and ensuring fairness and avoiding bias in the model's predictions.","Challenges include balancing the need for multiple layers of training data, balancing the"
208,What is standardization in feature scaling?,"Standardization transforms feature values to have a mean of 0 and a standard deviation of 1, often used to make features comparable across different scales.",Standardization involves reducing the number of features in a feature space by reducing the number
209,What can other fields learn from the historical development of face recognition?,"Other fields can learn valuable lessons about achieving high accuracy from the methods used in face recognition, particularly when precision becomes critical.","Other fields can learn from the historical development of face recognition including generative models, machine learning,"
210,What is the principle behind decreasing the loss in linear regression?,"The principle behind decreasing the loss in linear regression is to minimize the error metric, such as Mean Square Error, using iterative algorithms like Gradient Descent.",The principle behind decreasing the loss in linear regression is to reduce the variance of the model's
211,What is the purpose of the log loss metric?,"Log loss measures the performance of a classification model whose output is a probability value between 0 and 1, penalizing incorrect predictions more heavily.","Log loss measures the loss of a feature (e.g., the number of times"
212,"What are Mel-Frequency Cepstral Coefficients (MFCC), and how are they used in speech processing?","Mel-Frequency Cepstral Coefficients (MFCC) are features extracted from audio signals that represent the short-term power spectrum of sound. They are widely used in speech and audio processing tasks, such as speech recognition, because they effectively capture the characteristics of the human voice by modeling the human ear's perception of sound frequencies.",MFCC are a type of cepstral coefficient that measures the frequency of the
213,How do convolutional neural networks (CNNs) differ from traditional feedforward neural networks?,"CNNs leverage convolutional layers, allowing them to automatically learn spatial hierarchies of features, making them effective in image and spatial data analysis.","CNNs use convolutional layers to extract features from input data, allowing them to learn"
214,How does Bag of Words work?,Bag of Words is a method that considers a sentence or document as a 'Bag' containing words.,Bag of Words is a supervised learning algorithm that combines multiple models to create
215,What is a hyperplane in the context of SVM?,A hyperplane is a decision boundary that separates different classes in the feature space. SVM aims to find the hyperplane with the maximum margin between classes.,A hyperplane is a symmetrical hyperplane that is shaped like
216,What are the main components of an LSTM cell?,"The main components of an LSTM cell include the memory cell (which maintains the long-term state), the input gate (controls what information enters the memory), the forget gate (controls what information is discarded), and the output gate (controls what information is passed to the next hidden state).","The main components of an LSTM cell are the input, output, and output layers."
217,What are some alternative methods to gradient descent for training neural networks?,"Adam, RMSprop, and Adadelta are popular optimization algorithms that address limitations of gradient descent, such as slow convergence and sensitivity to learning rate.",Alternative methods include recurrent gradient descent (recurrent loss) and recurrent gradient descent
218,What is the architecture of an autoencoder?,The encoder and decoder are fully-connected neural networks with the code layer representing compressed data.,The autoencoder uses a neural network architecture to reconstruct the input data from the input
219,How does the kernel trick help in SVM?,"The kernel trick allows SVM to operate in a high-dimensional space without explicitly computing the coordinates of the data in that space, using kernel functions to compute inner products.",The kernel trick helps in SVM by introducing a kernel function that maps the data into
220,What is an autoencoder in deep learning?,An autoencoder is a neural network designed to learn efficient representations of data by encoding it into a lower-dimensional space and then reconstructing it.,"An autoencoder reconstructs the input data into a compressed compressed form, enabling"
221,What role does regularization play in preventing overfitting?,"Regularization techniques, such as L1 and L2 regularization, add a penalty to the model's complexity, discouraging it from fitting noise in the training data.",Regularization helps prevent overfitting by adjusting the model's weights and adjusting
222,How does LoRA (Low-Rank Adaptation) work in fine-tuning models?,"LoRA injects trainable low-rank matrices into each layer of a pre-trained model, allowing only these matrices to be updated during fine-tuning. This reduces the number of parameters to be trained and saves resources.",LoRA (Low-Rank Adaptation) is a technique that combines low
223,What is a unigram?,"An n-gram where n=1, meaning a single word.",A type of metric used to evaluate the performance of a classification model by comparing the
224,"What are t-SNE, LLE and Isomap?","t-SNE, LLE and Isomap are non-linear dimensionality reduction techniques.","t-SNE, LLE and Isomap are three models that combine the"
225,What is the impact of increasing the number of features on bias and variance?,Increasing the number of features can reduce bias (by providing more information) but may increase variance (by adding complexity and potential noise).,"Increasing the number of features can increase bias but can also increase variance, as the number of"
226,What are word embeddings?,Word embeddings are vector representations of words that capture their meanings and relationships with other words.,Word embeddings are a type of word recognition algorithm used to learn word embedd
227,How is the length of vectors determined in Bag of Words?,The vocabulary list is first compiled from the document. The vocabulary size is the length of the vectors.,The length of vectors in Bag of Words is determined by the number of words in the
228,What is TF-IDF?,TF-IDF stands for term frequency-inverse document frequency a statistical measure used to evaluate how important a word is to a document in a collection or corpus.,TF-IDF is a type of generative model that uses a TF
229,Does Word2Vec contain semantic information of the word?,Yes,"Yes, Word2Vec can identify the semantic information of the word."
230,Explain the difference between on-policy and off-policy reinforcement learning.,"On-policy methods update the policy based on actions taken according to the current policy, while off-policy methods update the policy based on actions taken under a different policy or behavior.","On-policy reinforcement learning involves a policy that is based on the policy, while"
231,What is the process for converting weights to integers for storage?,"The process involves applying a formula to convert the weights to a decimal value, rounding it to the nearest integer, and then storing this integer value on the hard disk.",Converting weights to integers is a process that converts them into integers
232,Can you give an example of a Decision Tree application?,"An example provided in the document is deciding whether to accept a new job offer. The decision tree considers factors like salary, commute time, and additional benefits (e.g., free coffee) to determine whether to accept or decline the offer.",A Decision Tree application uses a Decision Tree to classify data into categories based on the
233,What is overfitting?,"Overfitting occurs when a model learns the training data too well, including its noise and outliers, which leads to poor performance on unseen data.","Overfitting occurs when a model learns the training data too well, capturing noise"
234,What happens to a range of old weight values when they are quantized?,A range of old weight values is mapped to a single quantized value due to rounding. This can lead to multiple old values being represented by the same quantized value.,"When they are quantized, the range of old weight values becomes smaller, resulting in"
235,What is the typical architecture of a Generative Adversarial Network (GAN)?,"A GAN consists of two neural networks: the generator (G), which tries to produce data that is indistinguishable from real data, and the discriminator (D), which tries to differentiate between real and generated data. The two networks are trained simultaneously in a game-theoretic framework.","GANs are typically designed in a hyperparameter-based architecture, where the agent"
236,"What is the difference between ""episodic"" and ""continuing"" tasks in reinforcement learning?","Episodic tasks have distinct episodes with terminal states and resets, while continuing tasks have ongoing interactions with no defined terminal states, requiring different approaches to learning and evaluation.","Episodic tasks involve a sequence of actions, while continuing tasks involve a sequence"
237,What is the significance of the ROC curve in binary classification?,"The ROC curve illustrates the trade-off between true positive and false positive rates at various thresholds, helping evaluate a model's ability to distinguish between classes.",The ROC curve measures the performance of a binary classification model by comparing the performance of
238,What is transfer learning in NLP?,"Using a pre-trained model on a new, but similar, task with fine-tuning.","Transfer learning involves leveraging existing knowledge to improve the performance of a new model, allowing"
239,How to extract text from an HTML page using Beautiful Soup?,Extract the text from the HTML page without any HTML tags using bs_object.get_text().,Beautiful Soup can extract text from HTML pages using a simple method like df.
240,What are the benefits of Dimensionality Reduction?,The benefits of dimensionality reduction include compressing data reducing storage space requiring lesser computation time removing redundant features and potentially reducing noise.,"Dimensionality reduction reduces the size of the data, reducing the number of features and"
241,What are raw features?,"Raw features are the original features obtained directly from the data, before any transformation or processing.",Raw features are the data points that are most important to a model.
242,what is AUC?,"As the prediction threshold is changed, the AUC captures the number of correct positive predictions versus the number of incorrect positive predictions.",AUC is a type of metric used to evaluate the performance of a machine learning
243,What is the purpose of using diverse base models in an ensemble?,"Using diverse base models in an ensemble ensures that each model captures different aspects of the data, enhancing the ensemble's ability to make accurate and robust predictions.",Diverse base models can be used to create diverse ensembles by combining multiple models from
244,What is the Zipf Distribution in NLP?,"The Zipf Distribution describes how a few elements occur very frequently, a medium number of elements have medium frequency, and many elements occur very infrequently.",The Zipf distribution is a metric used to evaluate the accuracy of a text by
245,What is transfer learning in deep learning?,Transfer learning adapts a pre-trained model to a new task by fine-tuning on a smaller dataset.,Transfer learning involves combining multiple models from different subsets of the data to improve performance on
246,Explain the use of tokenization in NLP.,"Tokenization is the process of breaking text into smaller units, like words or subwords, which can be processed by NLP models.",Tokenization is a technique used to create a tokenized document by converting text
247,What is the Perceptron Learning Rule?,"The Perceptron Learning Rule is an algorithm used to update the weights and bias of a Perceptron during training. It involves adjusting the weights based on the difference between the predicted output and the actual target output, multiplied by the learning rate and the input values. This process is repeated iteratively until the Perceptron converges to a solution.",The Perceptron Learning Rule states that the model should learn a linear equation that best
248,What does False Positive (FP) mean?,False Positive refers to the cases where the model incorrectly predicted the positive class.,False Positive refers to the cases where the model correctly predicted the true positives.
